"InstanceSizeFlexibilityGroup","ArmSkuName","Ratio"
"Av2 Series","Standard_A1_v2","1"
"Av2 Series","Standard_A2_v2","2.1"
"Av2 Series","Standard_A4_v2","4.4"
"Av2 Series","Standard_A8_v2","9.2"
"Av2 Series High Memory","Standard_A2m_v2","1"
"Av2 Series High Memory","Standard_A4m_v2","2"
"Av2 Series High Memory","Standard_A8m_v2","4"
"Azure Managed Redis - Balanced","azure_managed_redis_balanced_b0","1"
"Azure Managed Redis - Balanced","azure_managed_redis_balanced_b1","2"
"Azure Managed Redis - Balanced","azure_managed_redis_balanced_b10","19.69"
"Azure Managed Redis - Balanced","azure_managed_redis_balanced_b100","156"
"Azure Managed Redis - Balanced","azure_managed_redis_balanced_b1000","1248"
"Azure Managed Redis - Balanced","azure_managed_redis_balanced_b150","235.63"
"Azure Managed Redis - Balanced","azure_managed_redis_balanced_b20","39.31"
"Azure Managed Redis - Balanced","azure_managed_redis_balanced_b250","315"
"Azure Managed Redis - Balanced","azure_managed_redis_balanced_b3","4.06"
"Azure Managed Redis - Balanced","azure_managed_redis_balanced_b350","471.25"
"Azure Managed Redis - Balanced","azure_managed_redis_balanced_b5","9.75"
"Azure Managed Redis - Balanced","azure_managed_redis_balanced_b50","78.56"
"Azure Managed Redis - Balanced","azure_managed_redis_balanced_b500","624"
"Azure Managed Redis - Balanced","azure_managed_redis_balanced_b700","936"
"Azure Managed Redis - Compute Optimized","azure_managed_redis_compute_optimized_x1","1"
"Azure Managed Redis - Compute Optimized","azure_managed_redis_compute_optimized_x10","4"
"Azure Managed Redis - Compute Optimized","azure_managed_redis_compute_optimized_x100","31.9"
"Azure Managed Redis - Compute Optimized","azure_managed_redis_compute_optimized_x150","47.9"
"Azure Managed Redis - Compute Optimized","azure_managed_redis_compute_optimized_x20","8"
"Azure Managed Redis - Compute Optimized","azure_managed_redis_compute_optimized_x250","63.9"
"Azure Managed Redis - Compute Optimized","azure_managed_redis_compute_optimized_x3","1.5"
"Azure Managed Redis - Compute Optimized","azure_managed_redis_compute_optimized_x350","95.8"
"Azure Managed Redis - Compute Optimized","azure_managed_redis_compute_optimized_x5","2"
"Azure Managed Redis - Compute Optimized","azure_managed_redis_compute_optimized_x50","16"
"Azure Managed Redis - Compute Optimized","azure_managed_redis_compute_optimized_x500","127.7"
"Azure Managed Redis - Compute Optimized","azure_managed_redis_compute_optimized_x700","159.7"
"Azure Managed Redis - Flash Optimized","azure_managed_redis_flash_optimized_a1000","4"
"Azure Managed Redis - Flash Optimized","azure_managed_redis_flash_optimized_a1500","6"
"Azure Managed Redis - Flash Optimized","azure_managed_redis_flash_optimized_a2000","8"
"Azure Managed Redis - Flash Optimized","azure_managed_redis_flash_optimized_a250","1"
"Azure Managed Redis - Flash Optimized","azure_managed_redis_flash_optimized_a4500","16"
"Azure Managed Redis - Flash Optimized","azure_managed_redis_flash_optimized_a500","2"
"Azure Managed Redis - Flash Optimized","azure_managed_redis_flash_optimized_a700","3"
"Azure Managed Redis - Memory Optimized","azure_managed_redis_memory_optimized_m10","1"
"Azure Managed Redis - Memory Optimized","azure_managed_redis_memory_optimized_m100","8"
"Azure Managed Redis - Memory Optimized","azure_managed_redis_memory_optimized_m1000","64"
"Azure Managed Redis - Memory Optimized","azure_managed_redis_memory_optimized_m150","12"
"Azure Managed Redis - Memory Optimized","azure_managed_redis_memory_optimized_m1500","96"
"Azure Managed Redis - Memory Optimized","azure_managed_redis_memory_optimized_m20","2"
"Azure Managed Redis - Memory Optimized","azure_managed_redis_memory_optimized_m2000","128"
"Azure Managed Redis - Memory Optimized","azure_managed_redis_memory_optimized_m250","16"
"Azure Managed Redis - Memory Optimized","azure_managed_redis_memory_optimized_m350","24"
"Azure Managed Redis - Memory Optimized","azure_managed_redis_memory_optimized_m50","4"
"Azure Managed Redis - Memory Optimized","azure_managed_redis_memory_optimized_m500","32"
"Azure Managed Redis - Memory Optimized","azure_managed_redis_memory_optimized_m700","48"
"Azure Red Hat OpenShift Compute Optimized","Red_Hat_OpenShift_Compute_Optimized_v2_16_vCPU","4"
"Azure Red Hat OpenShift Compute Optimized","Red_Hat_OpenShift_Compute_Optimized_v2_32_vCPU","8"
"Azure Red Hat OpenShift Compute Optimized","Red_Hat_OpenShift_Compute_Optimized_v2_4_vCPU","1"
"Azure Red Hat OpenShift Compute Optimized","Red_Hat_OpenShift_Compute_Optimized_v2_48_vCPU","12"
"Azure Red Hat OpenShift Compute Optimized","Red_Hat_OpenShift_Compute_Optimized_v2_64_vCPU","16"
"Azure Red Hat OpenShift Compute Optimized","Red_Hat_OpenShift_Compute_Optimized_v2_72_vCPU","18"
"Azure Red Hat OpenShift Compute Optimized","Red_Hat_OpenShift_Compute_Optimized_v2_8_vCPU","2"
"Azure Red Hat OpenShift General Purpose","Azure_Red_Hat_OpenShift_General_Purpose_1_vCPU","1"
"Azure Red Hat OpenShift General Purpose","Azure_Red_Hat_OpenShift_General_Purpose_104_vCPU","104"
"Azure Red Hat OpenShift General Purpose","Azure_Red_Hat_OpenShift_General_Purpose_2_vCPU","2"
"Azure Red Hat OpenShift General Purpose","Azure_Red_Hat_OpenShift_General_Purpose_20_vCPU","20"
"Azure Red Hat OpenShift General Purpose","Azure_Red_Hat_OpenShift_General_Purpose_24_vCPU","24"
"Azure Red Hat OpenShift General Purpose","Azure_Red_Hat_OpenShift_General_Purpose_96_vCPU","96"
"Azure Red Hat OpenShift General Purpose","Red_Hat_OpenShift_General_Purpose_v3_16_vCPU","16"
"Azure Red Hat OpenShift General Purpose","Red_Hat_OpenShift_General_Purpose_v3_32_vCPU","32"
"Azure Red Hat OpenShift General Purpose","Red_Hat_OpenShift_General_Purpose_v3_4_vCPU","4"
"Azure Red Hat OpenShift General Purpose","Red_Hat_OpenShift_General_Purpose_v3_48_vCPU","48"
"Azure Red Hat OpenShift General Purpose","Red_Hat_OpenShift_General_Purpose_v3_64_vCPU","64"
"Azure Red Hat OpenShift General Purpose","Red_Hat_OpenShift_General_Purpose_v3_8_vCPU","8"
"Azure Red Hat OpenShift GPU Accelerated NC","Azure_Red_Hat_OpenShift_GPU_Accelerated_NC_12_vCPU","3"
"Azure Red Hat OpenShift GPU Accelerated NC","Azure_Red_Hat_OpenShift_GPU_Accelerated_NC_16_vCPU","4"
"Azure Red Hat OpenShift GPU Accelerated NC","Azure_Red_Hat_OpenShift_GPU_Accelerated_NC_24_vCPU","6"
"Azure Red Hat OpenShift GPU Accelerated NC","Azure_Red_Hat_OpenShift_GPU_Accelerated_NC_4_vCPU","1"
"Azure Red Hat OpenShift GPU Accelerated NC","Azure_Red_Hat_OpenShift_GPU_Accelerated_NC_48_vCPU","12"
"Azure Red Hat OpenShift GPU Accelerated NC","Azure_Red_Hat_OpenShift_GPU_Accelerated_NC_6_vCPU","1.5"
"Azure Red Hat OpenShift GPU Accelerated NC","Azure_Red_Hat_OpenShift_GPU_Accelerated_NC_64_vCPU","16"
"Azure Red Hat OpenShift GPU Accelerated NC","Azure_Red_Hat_OpenShift_GPU_Accelerated_NC_8_vCPU","2"
"Azure Red Hat OpenShift GPU Accelerated NC","Azure_Red_Hat_OpenShift_GPU_Accelerated_NC_96_vCPU","24"
"Azure Red Hat OpenShift GPU Accelerated ND","Azure_Red_Hat_OpenShift_GPU_Accelerated_ND_96_vCPU","1"
"Azure Red Hat OpenShift Memory Optimized","Red_Hat_OpenShift_Memory_Optimized_v3_104_vCPU","52"
"Azure Red Hat OpenShift Memory Optimized","Red_Hat_OpenShift_Memory_Optimized_v3_128_vCPU","64"
"Azure Red Hat OpenShift Memory Optimized","Red_Hat_OpenShift_Memory_Optimized_v3_16_vCPU","8"
"Azure Red Hat OpenShift Memory Optimized","Red_Hat_OpenShift_Memory_Optimized_v3_192_vCPU","96"
"Azure Red Hat OpenShift Memory Optimized","Red_Hat_OpenShift_Memory_Optimized_v3_2_vCPU","1"
"Azure Red Hat OpenShift Memory Optimized","Red_Hat_OpenShift_Memory_Optimized_v3_20_vCPU","10"
"Azure Red Hat OpenShift Memory Optimized","Red_Hat_OpenShift_Memory_Optimized_v3_32_vCPU","16"
"Azure Red Hat OpenShift Memory Optimized","Red_Hat_OpenShift_Memory_Optimized_v3_4_vCPU","2"
"Azure Red Hat OpenShift Memory Optimized","Red_Hat_OpenShift_Memory_Optimized_v3_48_vCPU","24"
"Azure Red Hat OpenShift Memory Optimized","Red_Hat_OpenShift_Memory_Optimized_v3_64_vCPU","32"
"Azure Red Hat OpenShift Memory Optimized","Red_Hat_OpenShift_Memory_Optimized_v3_8_vCPU","4"
"Azure Red Hat OpenShift Memory Optimized","Red_Hat_OpenShift_Memory_Optimized_v3_80_vCPU","40"
"Azure Red Hat OpenShift Memory Optimized","Red_Hat_OpenShift_Memory_Optimized_v3_96_vCPU","48"
"Azure Red Hat OpenShift Storage Optimized","Azure_Red_Hat_OpenShift_Storage_Optimized_16_vCPU","4"
"Azure Red Hat OpenShift Storage Optimized","Azure_Red_Hat_OpenShift_Storage_Optimized_32_vCPU","8"
"Azure Red Hat OpenShift Storage Optimized","Azure_Red_Hat_OpenShift_Storage_Optimized_4_vCPU","1"
"Azure Red Hat OpenShift Storage Optimized","Azure_Red_Hat_OpenShift_Storage_Optimized_48_vCPU","12"
"Azure Red Hat OpenShift Storage Optimized","Azure_Red_Hat_OpenShift_Storage_Optimized_64_vCPU","16"
"Azure Red Hat OpenShift Storage Optimized","Azure_Red_Hat_OpenShift_Storage_Optimized_8_vCPU","2"
"Azure Red Hat OpenShift Storage Optimized","Azure_Red_Hat_OpenShift_Storage_Optimized_80_vCPU","20"
"Azure Redis Cache Enterprise","azure_redis_cache_enterprise_e1","1"
"Azure Redis Cache Enterprise","azure_redis_cache_enterprise_e10","12.03"
"Azure Redis Cache Enterprise","azure_redis_cache_enterprise_e100","94.23"
"Azure Redis Cache Enterprise","azure_redis_cache_enterprise_e20","24"
"Azure Redis Cache Enterprise","azure_redis_cache_enterprise_e50","47.13"
"Azure Redis Cache Enterprise Flash","azure_redis_cache_enterprise_flash_f1500","4"
"Azure Redis Cache Enterprise Flash","azure_redis_cache_enterprise_flash_f300","1"
"Azure Redis Cache Enterprise Flash","azure_redis_cache_enterprise_flash_f700","2"
"Azure Redis Cache Premium","azure_redis_cache_premium_p1_cache","1"
"Azure Redis Cache Premium","azure_redis_cache_premium_p2_cache","2"
"Azure Redis Cache Premium","azure_redis_cache_premium_p3_cache","4"
"Azure Redis Cache Premium","azure_redis_cache_premium_p4_cache","8"
"Azure Redis Cache Premium","azure_redis_cache_premium_p5_cache","18.14"
"Basv2 Series","Standard_B16als_v2","113.4"
"Basv2 Series","Standard_B16as_v2","128.08"
"Basv2 Series","Standard_B2als_v2","8"
"Basv2 Series","Standard_B2as_v2","16"
"Basv2 Series","Standard_B2ats_v2","2"
"Basv2 Series","Standard_B32als_v2","226.6"
"Basv2 Series","Standard_B32as_v2","255.96"
"Basv2 Series","Standard_B4als_v2","28.3"
"Basv2 Series","Standard_B4as_v2","31.92"
"Basv2 Series","Standard_B8als_v2","56.6"
"Basv2 Series","Standard_B8as_v2","64.04"
"Bpsv2 Series","Standard_B16pls_v2","113.34"
"Bpsv2 Series","Standard_B16ps_v2","128.1"
"Bpsv2 Series","Standard_B2pls_v2","8"
"Bpsv2 Series","Standard_B2ps_v2","16"
"Bpsv2 Series","Standard_B2pts_v2","2"
"Bpsv2 Series","Standard_B4pls_v2","28.34"
"Bpsv2 Series","Standard_B4ps_v2","31.9"
"Bpsv2 Series","Standard_B8pls_v2","56.66"
"Bpsv2 Series","Standard_B8ps_v2","64.04"
"BS Series","Standard_B1ls","1"
"BS Series","Standard_B1s","2"
"BS Series","Standard_B2s","8"
"BS Series High Memory","Standard_B12ms","12.05"
"BS Series High Memory","Standard_B16ms","16.05"
"BS Series High Memory","Standard_B1ms","0.5"
"BS Series High Memory","Standard_B20ms","20.1"
"BS Series High Memory","Standard_B2ms","2"
"BS Series High Memory","Standard_B4ms","4"
"BS Series High Memory","Standard_B8ms","8.05"
"Bsv2 Series","Standard_B16ls_v2","113.27"
"Bsv2 Series","Standard_B16s_v2","128.08"
"Bsv2 Series","Standard_B2ls_v2","8"
"Bsv2 Series","Standard_B2s_v2","16"
"Bsv2 Series","Standard_B2ts_v2","2"
"Bsv2 Series","Standard_B32ls_v2","226.73"
"Bsv2 Series","Standard_B32s_v2","255.96"
"Bsv2 Series","Standard_B4ls_v2","28.27"
"Bsv2 Series","Standard_B4s_v2","31.92"
"Bsv2 Series","Standard_B8ls_v2","56.73"
"Bsv2 Series","Standard_B8s_v2","64.04"
"Copilot_Credit_Pre-Purchase_Plan","Microsoft_Copilot_Studio_Pay_As_You_Go","1"
"D Series","Standard_D1","1"
"D Series","Standard_D2","2"
"D Series","Standard_D3","4"
"D Series","Standard_D4","8"
"D Series High Memory","Standard_D11","1"
"D Series High Memory","Standard_D12","2"
"D Series High Memory","Standard_D13","4"
"D Series High Memory","Standard_D14","8"
"Dadsv5 Internal Series","Internal_D16ads_v5","8"
"Dadsv5 Internal Series","Internal_D2ads_v5","1"
"Dadsv5 Internal Series","Internal_D32ads_v5","16"
"Dadsv5 Internal Series","Internal_D48ads_v5","24"
"Dadsv5 Internal Series","Internal_D4ads_v5","2"
"Dadsv5 Internal Series","Internal_D64ads_v5","32"
"Dadsv5 Internal Series","Internal_D8ads_v5","4"
"Dadsv5 Internal Series","Internal_D96ads_v5","48"
"Dadsv5 Series","Standard_D16ads_v5","16"
"Dadsv5 Series","Standard_D2ads_v5","2"
"Dadsv5 Series","Standard_D32ads_v5","32"
"Dadsv5 Series","Standard_D48ads_v5","48"
"Dadsv5 Series","Standard_D4ads_v5","4"
"Dadsv5 Series","Standard_D64ads_v5","64"
"Dadsv5 Series","Standard_D8ads_v5","8"
"Dadsv5 Series","Standard_D96ads_v5","96"
"Dadsv5 Series DedicatedHost","dadsv5_type1","112"
"Dalsv5 Internal Series","Internal_D16als_v5","8"
"Dalsv5 Internal Series","Internal_D2als_v5","1"
"Dalsv5 Internal Series","Internal_D32als_v5","16"
"Dalsv5 Internal Series","Internal_D48als_v5","24"
"Dalsv5 Internal Series","Internal_D4als_v5","2"
"Dalsv5 Internal Series","Internal_D64als_v5","32"
"Dalsv5 Internal Series","Internal_D8als_v5","4"
"Dalsv5 Internal Series","Internal_D96als_v5","48"
"Dasv4 Series","Standard_D16as_v4","16"
"Dasv4 Series","Standard_D2as_v4","2"
"Dasv4 Series","Standard_D32as_v4","32"
"Dasv4 Series","Standard_D48as_v4","48"
"Dasv4 Series","Standard_D4ahs_v4","4"
"Dasv4 Series","Standard_D4as_v4","4"
"Dasv4 Series","Standard_D64as_v4","64"
"Dasv4 Series","Standard_D8ahs_v4","8"
"Dasv4 Series","Standard_D8as_v4","8"
"Dasv4 Series","Standard_D96as_v4","96"
"Dasv4 Series Dedicated Host","dasv4_type1","96"
"Dasv4 Series Dedicated Host","dasv4_type2","99.84"
"Dasv5 Internal Series","Internal_D16as_v5","8"
"Dasv5 Internal Series","Internal_D2as_v5","1"
"Dasv5 Internal Series","Internal_D32as_v5","16"
"Dasv5 Internal Series","Internal_D48as_v5","24"
"Dasv5 Internal Series","Internal_D4as_v5","2"
"Dasv5 Internal Series","Internal_D64as_v5","32"
"Dasv5 Internal Series","Internal_D8as_v5","4"
"Dasv5 Internal Series","Internal_D96as_v5","48"
"Dasv5 Promo Series","Standard_D16as_v5_Promo","8"
"Dasv5 Promo Series","Standard_D2as_v5_Promo","1"
"Dasv5 Promo Series","Standard_D32as_v5_Promo","16"
"Dasv5 Promo Series","Standard_D48as_v5_Promo","24"
"Dasv5 Promo Series","Standard_D4as_v5_Promo","2"
"Dasv5 Promo Series","Standard_D64as_v5_Promo","32"
"Dasv5 Promo Series","Standard_D8as_v5_Promo","4"
"Dasv5 Promo Series","Standard_D96as_v5_Promo","48"
"Dasv5 Series","Standard_D16as_v5","16"
"Dasv5 Series","Standard_D2as_v5","2"
"Dasv5 Series","Standard_D32as_v5","32"
"Dasv5 Series","Standard_D48as_v5","48"
"Dasv5 Series","Standard_D4as_v5","4"
"Dasv5 Series","Standard_D64as_v5","64"
"Dasv5 Series","Standard_D8as_v5","8"
"Dasv5 Series","Standard_D96as_v5","96"
"Dasv5 Series DedicatedHost","dasv5_type1","112"
"Dav4 Series","Standard_D16a_v4","16"
"Dav4 Series","Standard_D2a_v4","2"
"Dav4 Series","Standard_D32a_v4","32"
"Dav4 Series","Standard_D48a_v4","48"
"Dav4 Series","Standard_D4a_v4","4"
"Dav4 Series","Standard_D64a_v4","64"
"Dav4 Series","Standard_D8a_v4","8"
"Dav4 Series","Standard_D96a_v4","96"
"DCadsv5-series DedicatedHost","dcadsv5 type 1","112"
"DCadsv5-series Linux","Standard_DC16ads_v5","16"
"DCadsv5-series Linux","Standard_DC2ads_v5","2"
"DCadsv5-series Linux","Standard_DC32ads_v5","32"
"DCadsv5-series Linux","Standard_DC48ads_v5","48"
"DCadsv5-series Linux","Standard_DC4ads_v5","4"
"DCadsv5-series Linux","Standard_DC64ads_v5","64"
"DCadsv5-series Linux","Standard_DC8ads_v5","8"
"DCadsv5-series Linux","Standard_DC96ads_v5","96"
"DCasv5-series DedicatedHost","dcasv5 type 1","112"
"DCasv5-series Linux","Standard_DC16as_v5","16"
"DCasv5-series Linux","Standard_DC2as_v5","2"
"DCasv5-series Linux","Standard_DC32as_v5","32"
"DCasv5-series Linux","Standard_DC48as_v5","48"
"DCasv5-series Linux","Standard_DC4as_v5","4"
"DCasv5-series Linux","Standard_DC64as_v5","64"
"DCasv5-series Linux","Standard_DC8as_v5","8"
"DCasv5-series Linux","Standard_DC96as_v5","96"
"DCdsv3 Series DedicatedHost","dcdsv3 type1","60"
"DCdsv3 Series Linux","Standard_DC16ds_v3","16"
"DCdsv3 Series Linux","Standard_DC1ds_v3","1"
"DCdsv3 Series Linux","Standard_DC24ds_v3","24"
"DCdsv3 Series Linux","Standard_DC2ds_v3","2"
"DCdsv3 Series Linux","Standard_DC32ds_v3","32"
"DCdsv3 Series Linux","Standard_DC48ds_v3","48"
"DCdsv3 Series Linux","Standard_DC4ds_v3","4"
"DCdsv3 Series Linux","Standard_DC8ds_v3","8"
"DCSv2 Series","Standard_DC1s_v2","1"
"DCSv2 Series","Standard_DC2s_v2","2"
"DCSv2 Series","Standard_DC4s_v2","4"
"DCSv2 Series","Standard_DC8_v2","8"
"DCsv2 Series Dedicated Host","DCsv2 Type 1","1"
"DCsv3 Series DedicatedHost","dcsv3 type1","51"
"DCsv3 Series Linux","Standard_DC16s_v3","16"
"DCsv3 Series Linux","Standard_DC1s_v3","1"
"DCsv3 Series Linux","Standard_DC24s_v3","24"
"DCsv3 Series Linux","Standard_DC2s_v3","2"
"DCsv3 Series Linux","Standard_DC32s_v3","32"
"DCsv3 Series Linux","Standard_DC48s_v3","48"
"DCsv3 Series Linux","Standard_DC4s_v3","4"
"DCsv3 Series Linux","Standard_DC8s_v3","8"
"Ddsv4 Series","Standard_D16ds_v4","16"
"Ddsv4 Series","Standard_D2ds_v4","2"
"Ddsv4 Series","Standard_D32ds_v4","32"
"Ddsv4 Series","Standard_D48ds_v4","48"
"Ddsv4 Series","Standard_D4ds_v4","4"
"Ddsv4 Series","Standard_D64ds_v4","64"
"Ddsv4 Series","Standard_D8ds_v4","8"
"Ddsv4 Series Dedicated Host","ddsv4_type 1","68"
"Ddsv4 Series Dedicated Host","ddsv4_type2","80.92"
"Ddsv5 Series","Standard_D16ds_v5","16"
"Ddsv5 Series","Standard_D2ds_v5","2"
"Ddsv5 Series","Standard_D32ds_v5","32"
"Ddsv5 Series","Standard_D48ds_v5","48"
"Ddsv5 Series","Standard_D4ds_v5","4"
"Ddsv5 Series","Standard_D64ds_v5","64"
"Ddsv5 Series","Standard_D8ds_v5","8"
"Ddsv5 Series","Standard_D96ds_v5","96"
"Ddsv5 Series DedicatedHost","ddsv5_type1","107"
"Ddv4 Series","Standard_D16d_v4","16"
"Ddv4 Series","Standard_D2d_v4","2"
"Ddv4 Series","Standard_D32d_v4","32"
"Ddv4 Series","Standard_D48d_v4","48"
"Ddv4 Series","Standard_D4d_v4","4"
"Ddv4 Series","Standard_D64d_v4","64"
"Ddv4 Series","Standard_D8d_v4","8"
"Ddv5 Series","Standard_D16d_v5","16"
"Ddv5 Series","Standard_D2d_v5","2"
"Ddv5 Series","Standard_D32d_v5","32"
"Ddv5 Series","Standard_D48d_v5","48"
"Ddv5 Series","Standard_D4d_v5","4"
"Ddv5 Series","Standard_D64d_v5","64"
"Ddv5 Series","Standard_D8d_v5","8"
"Ddv5 Series","Standard_D96d_v5","96"
"Dldsv5 Series","Standard_D16lds_v5","16"
"Dldsv5 Series","Standard_D2lds_v5","2"
"Dldsv5 Series","Standard_D32lds_v5","32"
"Dldsv5 Series","Standard_D48lds_v5","48"
"Dldsv5 Series","Standard_D4lds_v5","4"
"Dldsv5 Series","Standard_D64lds_v5","64"
"Dldsv5 Series","Standard_D8lds_v5","8"
"Dldsv5 Series","Standard_D96lds_v5","96"
"Dlsv5 Series","Standard_D16ls_v5","16"
"Dlsv5 Series","Standard_D2ls_v5","2"
"Dlsv5 Series","Standard_D32ls_v5","32"
"Dlsv5 Series","Standard_D48ls_v5","48"
"Dlsv5 Series","Standard_D4ls_v5","4"
"Dlsv5 Series","Standard_D64ls_v5","64"
"Dlsv5 Series","Standard_D8ls_v5","8"
"Dlsv5 Series","Standard_D96ls_v5","96"
"Dpdsv5 Series","Standard_D16pds_v5","16"
"Dpdsv5 Series","Standard_D2pds_v5","2"
"Dpdsv5 Series","Standard_D32pds_v5","32"
"Dpdsv5 Series","Standard_D48pds_v5","48"
"Dpdsv5 Series","Standard_D4pds_v5","4"
"Dpdsv5 Series","Standard_D64pds_v5","64"
"Dpdsv5 Series","Standard_D8pds_v5","8"
"Dpldsv5 Series","Standard_D16plds_v5","16"
"Dpldsv5 Series","Standard_D2plds_v5","2"
"Dpldsv5 Series","Standard_D32plds_v5","32"
"Dpldsv5 Series","Standard_D48plds_v5","48"
"Dpldsv5 Series","Standard_D4plds_v5","4"
"Dpldsv5 Series","Standard_D64plds_v5","64"
"Dpldsv5 Series","Standard_D8plds_v5","8"
"Dplsv5 Series","Standard_D16pls_v5","16"
"Dplsv5 Series","Standard_D2pls_v5","2"
"Dplsv5 Series","Standard_D32pls_v5","32"
"Dplsv5 Series","Standard_D48pls_v5","48"
"Dplsv5 Series","Standard_D4pls_v5","4"
"Dplsv5 Series","Standard_D64pls_v5","64"
"Dplsv5 Series","Standard_D8pls_v5","8"
"Dpsv5 Series","Standard_D16ps_v5","16"
"Dpsv5 Series","Standard_D2ps_v5","2"
"Dpsv5 Series","Standard_D32ps_v5","32"
"Dpsv5 Series","Standard_D48ps_v5","48"
"Dpsv5 Series","Standard_D4ps_v5","4"
"Dpsv5 Series","Standard_D64ps_v5","64"
"Dpsv5 Series","Standard_D8ps_v5","8"
"DS Series","Standard_DS1","1"
"DS Series","Standard_DS2","2"
"DS Series","Standard_DS3","4"
"DS Series","Standard_DS4","8"
"DS Series High Memory","Standard_DS11","1"
"DS Series High Memory","Standard_DS12","2"
"DS Series High Memory","Standard_DS13","4"
"DS Series High Memory","Standard_DS14","8"
"DSv2 Series","Standard_DS1_v2","1"
"DSv2 Series","Standard_DS2_v2","2"
"DSv2 Series","Standard_DS3_v2","4"
"DSv2 Series","Standard_DS4_v2","8"
"DSv2 Series","Standard_DS5_v2","16"
"DSv2 Series High Memory","Standard_DS11_v2","2"
"DSv2 Series High Memory","Standard_DS11-1_v2","2"
"DSv2 Series High Memory","Standard_DS12_v2","4"
"DSv2 Series High Memory","Standard_DS12-1_v2","4"
"DSv2 Series High Memory","Standard_DS12-2_v2","4"
"DSv2 Series High Memory","Standard_DS13_v2","8"
"DSv2 Series High Memory","Standard_DS13-2_v2","8"
"DSv2 Series High Memory","Standard_DS13-4_v2","8"
"DSv2 Series High Memory","Standard_DS14_v2","16"
"DSv2 Series High Memory","Standard_DS14-4_v2","16"
"DSv2 Series High Memory","Standard_DS14-8_v2","16"
"DSv2 Series High Memory","Standard_DS15_v2","20"
"DSv2 Series High Memory Isolated","Standard_DS15i_v2","1"
"DSv3 Series","Standard_D16s_v3","8"
"DSv3 Series","Standard_D2s_v3","1"
"DSv3 Series","Standard_D32-16s_v3","16"
"DSv3 Series","Standard_D32-8s_v3","16"
"DSv3 Series","Standard_D32s_v3","16"
"DSv3 Series","Standard_D48s_v3","24"
"DSv3 Series","Standard_D4s_v3","2"
"DSv3 Series","Standard_D64-16s_v3","32"
"DSv3 Series","Standard_D64-32s_v3","32"
"DSv3 Series","Standard_D64s_v3","32"
"DSv3 Series","Standard_D8hs_v3","4"
"DSv3 Series","Standard_D8s_v3","4"
"DSv3 Series Dedicated Host","dsv3_type1","68"
"DSv3 Series Dedicated Host","dsv3_type2","76.59"
"DSv3 Series Dedicated Host","dsv3_type3","85"
"DSv3 Series Dedicated Host","dsv3_type4","106.08"
"Dsv4 Series","Standard_D16s_v4","16"
"Dsv4 Series","Standard_D2s_v4","2"
"Dsv4 Series","Standard_D32s_v4","32"
"Dsv4 Series","Standard_D48s_v4","48"
"Dsv4 Series","Standard_D4s_v4","4"
"Dsv4 Series","Standard_D64s_v4","64"
"Dsv4 Series","Standard_D8s_v4","8"
"DSv4 Series Dedicated Host","dsv4_type1","80"
"DSv4 Series Dedicated Host","dsv4_type2","96"
"Dsv5 Series","Standard_D16s_v5","16"
"Dsv5 Series","Standard_D2s_v5","2"
"Dsv5 Series","Standard_D32s_v5","32"
"Dsv5 Series","Standard_D48s_v5","48"
"Dsv5 Series","Standard_D4s_v5","4"
"Dsv5 Series","Standard_D64s_v5","64"
"Dsv5 Series","Standard_D8s_v5","8"
"Dsv5 Series","Standard_D96s_v5","96"
"Dsv5 Series DedicatedHost","dsv5_type1","107"
"Dv2 Series","Standard_D1_v2","1"
"Dv2 Series","Standard_D2_v2","2"
"Dv2 Series","Standard_D3_v2","4"
"Dv2 Series","Standard_D4_v2","8"
"Dv2 Series","Standard_D5_v2","16"
"Dv2 Series High Memory","Standard_D11_v2","1"
"Dv2 Series High Memory","Standard_D12_v2","2"
"Dv2 Series High Memory","Standard_D13_v2","4"
"Dv2 Series High Memory","Standard_D14_v2","8"
"Dv2 Series High Memory","Standard_D15_v2","10"
"Dv2 Series High Memory Isolated","Standard_D15i_v2","1"
"Dv3 Series","Standard_D16_v3","8"
"Dv3 Series","Standard_D2_v3","1"
"Dv3 Series","Standard_D32_v3","16"
"Dv3 Series","Standard_D4_v3","2"
"Dv3 Series","Standard_D48_v3","24"
"Dv3 Series","Standard_D64_v3","32"
"Dv3 Series","Standard_D8_v3","4"
"Dv4 Series","Standard_D16_v4","16"
"Dv4 Series","Standard_D2_v4","2"
"Dv4 Series","Standard_D32_v4","32"
"Dv4 Series","Standard_D4_v4","4"
"Dv4 Series","Standard_D48_v4","48"
"Dv4 Series","Standard_D64_v4","64"
"Dv4 Series","Standard_D8_v4","8"
"Dv5 Series","Standard_D16_v5","16"
"Dv5 Series","Standard_D2_v5","2"
"Dv5 Series","Standard_D32_v5","32"
"Dv5 Series","Standard_D4_v5","4"
"Dv5 Series","Standard_D48_v5","48"
"Dv5 Series","Standard_D64_v5","64"
"Dv5 Series","Standard_D8_v5","8"
"Dv5 Series","Standard_D96_v5","96"
"Eadsv5 Internal Series","Internal_E16ads_v5","8"
"Eadsv5 Internal Series","Internal_E20ads_v5","10"
"Eadsv5 Internal Series","Internal_E2ads_v5","1"
"Eadsv5 Internal Series","Internal_E32ads_v5","16"
"Eadsv5 Internal Series","Internal_E48ads_v5","24"
"Eadsv5 Internal Series","Internal_E4ads_v5","2"
"Eadsv5 Internal Series","Internal_E64ads_v5","32"
"Eadsv5 Internal Series","Internal_E8ads_v5","4"
"Eadsv5 Internal Series","Internal_E96ads_v5","48"
"Eadsv5 Series","Standard_E112iads_v5","123.2"
"Eadsv5 Series","Standard_E16-4ads_v5","16"
"Eadsv5 Series","Standard_E16-8ads_v5","16"
"Eadsv5 Series","Standard_E16ads_v5","16"
"Eadsv5 Series","Standard_E20ads_v5","20"
"Eadsv5 Series","Standard_E2ads_v5","2"
"Eadsv5 Series","Standard_E32-16ads_v5","32"
"Eadsv5 Series","Standard_E32-8ads_v5","32"
"Eadsv5 Series","Standard_E32ads_v5","32"
"Eadsv5 Series","Standard_E4-2ads_v5","4"
"Eadsv5 Series","Standard_E48ads_v5","48"
"Eadsv5 Series","Standard_E4ads_v5","4"
"Eadsv5 Series","Standard_E64-16ads_v5","64"
"Eadsv5 Series","Standard_E64-32ads_v5","64"
"Eadsv5 Series","Standard_E64ads_v5","64"
"Eadsv5 Series","Standard_E8-2ads_v5","8"
"Eadsv5 Series","Standard_E8-4ads_v5","8"
"Eadsv5 Series","Standard_E8ads_v5","8"
"Eadsv5 Series","Standard_E96-24ads_v5","96"
"Eadsv5 Series","Standard_E96-48ads_v5","96"
"Eadsv5 Series","Standard_E96ads_v5","96"
"Eadsv5 Series","Standard_E96iads_v5","105.4"
"Eadsv5 Series DedicatedHost","eadsv5_type1","112"
"Easv4 Series","Standard_E16-4as_v4","16"
"Easv4 Series","Standard_E16-8as_v4","16"
"Easv4 Series","Standard_E16as_v4","16"
"Easv4 Series","Standard_E20as_v4","20"
"Easv4 Series","Standard_E2as_v4","2"
"Easv4 Series","Standard_E32-16as_v4","32"
"Easv4 Series","Standard_E32-8as_v4","32"
"Easv4 Series","Standard_E32as_v4","32"
"Easv4 Series","Standard_E4-2as_v4","4"
"Easv4 Series","Standard_E48as_v4","48"
"Easv4 Series","Standard_E4as_v4","4"
"Easv4 Series","Standard_E64-16as_v4","64"
"Easv4 Series","Standard_E64-32as_v4","64"
"Easv4 Series","Standard_E64as_v4","64"
"Easv4 Series","Standard_E8-2as_v4","8"
"Easv4 Series","Standard_E8-4as_v4","8"
"Easv4 Series","Standard_E8as_v4","8"
"Easv4 Series","Standard_E96-24as_v4","96"
"Easv4 Series","Standard_E96-48as_v4","96"
"Easv4 Series","Standard_E96as_v4","96"
"Easv4 Series","Standard_E96ias_v4","96"
"Easv4 Series Dedicated Host","easv4_type1","96"
"Easv4 Series Dedicated Host","easv4_type2","112"
"Easv5 Internal Series","Internal_E16as_v5","8"
"Easv5 Internal Series","Internal_E20as_v5","10"
"Easv5 Internal Series","Internal_E2as_v5","1"
"Easv5 Internal Series","Internal_E32as_v5","16"
"Easv5 Internal Series","Internal_E48as_v5","24"
"Easv5 Internal Series","Internal_E4as_v5","2"
"Easv5 Internal Series","Internal_E64as_v5","32"
"Easv5 Internal Series","Internal_E8as_v5","4"
"Easv5 Internal Series","Internal_E96as_v5","48"
"Easv5 Promo Series","Standard_E16as_v5_Promo","8"
"Easv5 Promo Series","Standard_E20as_v5_Promo","10"
"Easv5 Promo Series","Standard_E2as_v5_Promo","1"
"Easv5 Promo Series","Standard_E32as_v5_Promo","16"
"Easv5 Promo Series","Standard_E48as_v5_Promo","24"
"Easv5 Promo Series","Standard_E4as_v5_Promo","2"
"Easv5 Promo Series","Standard_E64as_v5_Promo","31.9"
"Easv5 Promo Series","Standard_E8as_v5_Promo","4"
"Easv5 Promo Series","Standard_E96as_v5_Promo","47.8"
"Easv5 Series","Standard_E112ias_v5","123.2"
"Easv5 Series","Standard_E16-4as_v5","16"
"Easv5 Series","Standard_E16-8as_v5","16"
"Easv5 Series","Standard_E16as_v5","16"
"Easv5 Series","Standard_E20as_v5","20"
"Easv5 Series","Standard_E2as_v5","2"
"Easv5 Series","Standard_E32-16as_v5","32"
"Easv5 Series","Standard_E32-8as_v5","32"
"Easv5 Series","Standard_E32as_v5","32"
"Easv5 Series","Standard_E4-2as_v5","4"
"Easv5 Series","Standard_E48as_v5","48"
"Easv5 Series","Standard_E4as_v5","4"
"Easv5 Series","Standard_E64-16as_v5","64"
"Easv5 Series","Standard_E64-32as_v5","64"
"Easv5 Series","Standard_E64as_v5","64"
"Easv5 Series","Standard_E8-2as_v5","8"
"Easv5 Series","Standard_E8-4as_v5","8"
"Easv5 Series","Standard_E8as_v5","8"
"Easv5 Series","Standard_E96-24as_v5","96"
"Easv5 Series","Standard_E96-48as_v5","96"
"Easv5 Series","Standard_E96as_v5","96"
"Easv5 Series","Standard_E96ias_v5","105.4"
"Easv5 Series DedicatedHost","easv5_type1","112"
"Eav4 Series","Standard_E16a_v4","16"
"Eav4 Series","Standard_E20a_v4","20"
"Eav4 Series","Standard_E2a_v4","2"
"Eav4 Series","Standard_E32a_v4","32"
"Eav4 Series","Standard_E48a_v4","48"
"Eav4 Series","Standard_E4a_v4","4"
"Eav4 Series","Standard_E64a_v4","64"
"Eav4 Series","Standard_E8a_v4","8"
"Eav4 Series","Standard_E96a_v4","96"
"Ebdsv5 Series","Ebdsv5","1"
"Ebdsv5 Series","Standard_E112ibds_v5","123.2"
"Ebdsv5 Series","Standard_E16bds_v5","16"
"Ebdsv5 Series","Standard_E2bds_v5","2"
"Ebdsv5 Series","Standard_E32bds_v5","32"
"Ebdsv5 Series","Standard_E48bds_v5","48"
"Ebdsv5 Series","Standard_E4bds_v5","4"
"Ebdsv5 Series","Standard_E64bds_v5","64"
"Ebdsv5 Series","Standard_E8bds_v5","8"
"Ebdsv5 Series","Standard_E96bds_v5","96"
"Ebdsv5 Series Dedicated Host","ebdsv5-type1","112"
"Ebsv5 Series","Ebsv5","1"
"Ebsv5 Series","Standard_E112ibs_v5","123.2"
"Ebsv5 Series","Standard_E16bs_v5","16"
"Ebsv5 Series","Standard_E2bs_v5","2"
"Ebsv5 Series","Standard_E32bs_v5","32"
"Ebsv5 Series","Standard_E48bs_v5","48"
"Ebsv5 Series","Standard_E4bs_v5","4"
"Ebsv5 Series","Standard_E64bs_v5","64"
"Ebsv5 Series","Standard_E8bs_v5","8"
"Ebsv5 Series","Standard_E96bs_v5","96"
"Ebsv5 Series Dedicated Host","ebsv5-type1","112"
"ECadsv5-series DedicatedHost","ecadsv5 type 1","112"
"ECadsv5-series Linux","Standard_EC16ads_v5","16"
"ECadsv5-series Linux","Standard_EC20ads_v5","20"
"ECadsv5-series Linux","Standard_EC2ads_v5","2"
"ECadsv5-series Linux","Standard_EC32ads_v5","32"
"ECadsv5-series Linux","Standard_EC48ads_v5","48"
"ECadsv5-series Linux","Standard_EC4ads_v5","4"
"ECadsv5-series Linux","Standard_EC64ads_v5","64"
"ECadsv5-series Linux","Standard_EC8ads_v5","8"
"ECadsv5-series Linux","Standard_EC96ads_v5","96"
"ECadsv5-series Linux","Standard_EC96iads_v5","105.6"
"ECasv5-series DedicatedHost","ecasv5 type 1","112"
"ECasv5-series Linux","Standard_EC16as_v5","16"
"ECasv5-series Linux","Standard_EC20as_v5","20"
"ECasv5-series Linux","Standard_EC2as_v5","2"
"ECasv5-series Linux","Standard_EC32as_v5","32"
"ECasv5-series Linux","Standard_EC48as_v5","48"
"ECasv5-series Linux","Standard_EC4as_v5","4"
"ECasv5-series Linux","Standard_EC64as_v5","64"
"ECasv5-series Linux","Standard_EC8as_v5","8"
"ECasv5-series Linux","Standard_EC96as_v5","96"
"ECasv5-series Linux","Standard_EC96ias_v5","105.6"
"Edsv4 Series","Standard_E16-4ds_v4","16"
"Edsv4 Series","Standard_E16-8ds_v4","16"
"Edsv4 Series","Standard_E16ds_v4","16"
"Edsv4 Series","Standard_E16ds_v4_ADHType1","16"
"Edsv4 Series","Standard_E20ds_v4","20"
"Edsv4 Series","Standard_E2ds_v4","2"
"Edsv4 Series","Standard_E32-16ds_v4","32"
"Edsv4 Series","Standard_E32-8ds_v4","32"
"Edsv4 Series","Standard_E32ds_v4","32"
"Edsv4 Series","Standard_E32ds_v4_ADHType1","32"
"Edsv4 Series","Standard_E4-2ds_v4","4"
"Edsv4 Series","Standard_E48ds_v4","48"
"Edsv4 Series","Standard_E4ds_v4","4"
"Edsv4 Series","Standard_E4ds_v4_ADHType1","4"
"Edsv4 Series","Standard_E64-16ds_v4","64"
"Edsv4 Series","Standard_E64-32ds_v4","64"
"Edsv4 Series","Standard_E64ds_v4","64"
"Edsv4 Series","Standard_E8-2ds_v4","8"
"Edsv4 Series","Standard_E8-4ds_v4","8"
"Edsv4 Series","Standard_E8ds_v4","8"
"Edsv4 Series","Standard_E8ds_v4_ADHType1","8"
"Edsv4 Series Dedicated Host","edsv4_type 1","68"
"Edsv4 Series Dedicated Host","edsv4_type2","80.92"
"Edsv4 Series Isolated","Standard_E64ids_v4_SPECIAL","66.666667"
"Edsv4 Series Isolated","Standard_E80ids_v4","80"
"Edsv5 Series","Standard_E16-4ds_v5","16"
"Edsv5 Series","Standard_E16-8ds_v5","16"
"Edsv5 Series","Standard_E16ds_v5","16"
"Edsv5 Series","Standard_E20ds_v5","20"
"Edsv5 Series","Standard_E2ds_v5","2"
"Edsv5 Series","Standard_E32-16ds_v5","32"
"Edsv5 Series","Standard_E32-8ds_v5","32"
"Edsv5 Series","Standard_E32ds_v5","32"
"Edsv5 Series","Standard_E4-2ds_v5","4"
"Edsv5 Series","Standard_E48ds_v5","48"
"Edsv5 Series","Standard_E4ds_v5","4"
"Edsv5 Series","Standard_E64-16ds_v5","64"
"Edsv5 Series","Standard_E64-32ds_v5","64"
"Edsv5 Series","Standard_E64ds_v5","64"
"Edsv5 Series","Standard_E8-2ds_v5","8"
"Edsv5 Series","Standard_E8-4ds_v5","8"
"Edsv5 Series","Standard_E8ds_v5","8"
"Edsv5 Series","Standard_E96-24ds_v5","96"
"Edsv5 Series","Standard_E96-48ds_v5","96"
"Edsv5 Series","Standard_E96ds_v5","96"
"Edsv5 Series DedicatedHost","edsv5_type1","107"
"Edsv5 Series Isolated","Standard_E104ids_v5","104"
"Edv4 Series","Standard_E16d_v4","16"
"Edv4 Series","Standard_E20d_v4","20"
"Edv4 Series","Standard_E2d_v4","2"
"Edv4 Series","Standard_E32d_v4","32"
"Edv4 Series","Standard_E48d_v4","48"
"Edv4 Series","Standard_E4d_v4","4"
"Edv4 Series","Standard_E64d_v4","64"
"Edv4 Series","Standard_E8d_v4","8"
"Edv4 Series Isolated","Standard_E64id_v4_SPECIAL","1"
"Edv5 Series","Standard_E104id_v5","114.4"
"Edv5 Series","Standard_E16d_v5","16"
"Edv5 Series","Standard_E20d_v5","20"
"Edv5 Series","Standard_E2d_v5","2"
"Edv5 Series","Standard_E32d_v5","32"
"Edv5 Series","Standard_E48d_v5","48"
"Edv5 Series","Standard_E4d_v5","4"
"Edv5 Series","Standard_E64d_v5","64"
"Edv5 Series","Standard_E8d_v5","8"
"Edv5 Series","Standard_E96d_v5","96"
"Eiadmsv5-series Linux","Standard_E112_iadms_v5","1"
"Epdsv5 Series","Standard_E16pds_v5","16"
"Epdsv5 Series","Standard_E20pds_v5","20"
"Epdsv5 Series","Standard_E2pds_v5","2"
"Epdsv5 Series","Standard_E32pds_v5","32"
"Epdsv5 Series","Standard_E4pds_v5","4"
"Epdsv5 Series","Standard_E8pds_v5","8"
"Epsv5 Series","Standard_E16ps_v5","16"
"Epsv5 Series","Standard_E20ps_v5","20"
"Epsv5 Series","Standard_E2ps_v5","2"
"Epsv5 Series","Standard_E32ps_v5","32"
"Epsv5 Series","Standard_E4ps_v5","4"
"Epsv5 Series","Standard_E8ps_v5","8"
"ESv3 Series","Standard_E16-4s_v3","16"
"ESv3 Series","Standard_E16-8s_v3","16"
"ESv3 Series","Standard_E16s_v3","16"
"ESv3 Series","Standard_E20s_v3","20"
"ESv3 Series","Standard_E2s_v3","2"
"ESv3 Series","Standard_E32-16s_v3","32"
"ESv3 Series","Standard_E32-8s_v3","32"
"ESv3 Series","Standard_E32s_v3","32"
"ESv3 Series","Standard_E4-2s_v3","4"
"ESv3 Series","Standard_E48s_v3","48"
"ESv3 Series","Standard_E4s_v3","4"
"ESv3 Series","Standard_E64-16s_v3","57.6"
"ESv3 Series","Standard_E64-32s_v3","57.6"
"ESv3 Series","Standard_E64s_v3","57.6"
"ESv3 Series","Standard_E8-2s_v3","8"
"ESv3 Series","Standard_E8-4s_v3","8"
"ESv3 Series","Standard_E8s_v3","8"
"ESv3 Series Dedicated Host","esv3_type1","68"
"ESv3 Series Dedicated Host","esv3_type2","62"
"ESv3 Series Dedicated Host","esv3_type3","68.82"
"ESv3 Series Dedicated Host","esv3_type4","93"
"ESv3 Series Isolated","Standard_E64is_v3","1"
"Esv4 Series","Standard_E16-4s_v4","16"
"Esv4 Series","Standard_E16-8s_v4","16"
"Esv4 Series","Standard_E16s_v4","16"
"Esv4 Series","Standard_E16s_v4_ADHType1","16"
"Esv4 Series","Standard_E20s_v4","20"
"Esv4 Series","Standard_E2s_v4","2"
"Esv4 Series","Standard_E32-16s_v4","32"
"Esv4 Series","Standard_E32-8s_v4","32"
"Esv4 Series","Standard_E32s_v4","32"
"Esv4 Series","Standard_E32s_v4_ADHType1","32"
"Esv4 Series","Standard_E4-2s_v4","4"
"Esv4 Series","Standard_E48s_v4","48"
"Esv4 Series","Standard_E4s_v4","4"
"Esv4 Series","Standard_E4s_v4_ADHType1","4"
"Esv4 Series","Standard_E64-16s_v4","64"
"Esv4 Series","Standard_E64-32s_v4","64"
"Esv4 Series","Standard_E64s_v4","64"
"Esv4 Series","Standard_E8-2s_v4","8"
"Esv4 Series","Standard_E8-4s_v4","8"
"Esv4 Series","Standard_E8s_v4","8"
"Esv4 Series","Standard_E8s_v4_ADHType1","8"
"ESv4 Series Dedicated Host","esv4_type1","64"
"ESv4 Series Dedicated Host","esv4_type2","83.84"
"ESv4 Series Dedicated Host","standard_e64is_v4_special","64"
"Esv4 Series Isolated","Standard_E80is_v4","80"
"Esv5 Series","Standard_E16-4s_v5","16"
"Esv5 Series","Standard_E16-8s_v5","16"
"Esv5 Series","Standard_E16s_v5","16"
"Esv5 Series","Standard_E20s_v5","20"
"Esv5 Series","Standard_E2s_v5","2"
"Esv5 Series","Standard_E32-16s_v5","32"
"Esv5 Series","Standard_E32-8s_v5","32"
"Esv5 Series","Standard_E32s_v5","32"
"Esv5 Series","Standard_E4-2s_v5","4"
"Esv5 Series","Standard_E48s_v5","48"
"Esv5 Series","Standard_E4s_v5","4"
"Esv5 Series","Standard_E64-16s_v5","64"
"Esv5 Series","Standard_E64-32s_v5","64"
"Esv5 Series","Standard_E64s_v5","64"
"Esv5 Series","Standard_E8-2s_v5","8"
"Esv5 Series","Standard_E8-4s_v5","8"
"Esv5 Series","Standard_E8s_v5","8"
"Esv5 Series","Standard_E96-24s_v5","96"
"Esv5 Series","Standard_E96-48s_v5","96"
"Esv5 Series","Standard_E96s_v5","96"
"Esv5 Series DedicatedHost","esv5_type1","107"
"Esv5 Series Isolated","Standard_E104is_v5","104"
"Ev3 Series","Standard_E16_v3","16"
"Ev3 Series","Standard_E2_v3","2"
"Ev3 Series","Standard_E20_v3","20"
"Ev3 Series","Standard_E32_v3","32"
"Ev3 Series","Standard_E4_v3","4"
"Ev3 Series","Standard_E48_v3","48"
"Ev3 Series","Standard_E64_v3","57.6"
"Ev3 Series","Standard_E8_v3","8"
"Ev3 Series Isolated","Standard_E64i_v3","1"
"Ev4 Series","Standard_E16_v4","16"
"Ev4 Series","Standard_E2_v4","2"
"Ev4 Series","Standard_E20_v4","20"
"Ev4 Series","Standard_E32_v4","32"
"Ev4 Series","Standard_E4_v4","4"
"Ev4 Series","Standard_E48_v4","48"
"Ev4 Series","Standard_E64_v4","64"
"Ev4 Series","Standard_E8_v4","8"
"Ev4 Series Isolated","Standard_E64i_v4_SPECIAL","1"
"Ev5 Series","Standard_E104i_v5","114.4"
"Ev5 Series","Standard_E16_v5","16"
"Ev5 Series","Standard_E2_v5","2"
"Ev5 Series","Standard_E20_v5","20"
"Ev5 Series","Standard_E32_v5","32"
"Ev5 Series","Standard_E4_v5","4"
"Ev5 Series","Standard_E48_v5","48"
"Ev5 Series","Standard_E64_v5","64"
"Ev5 Series","Standard_E8_v5","8"
"Ev5 Series","Standard_E96_v5","96"
"F Series","Standard_F1","1"
"F Series","Standard_F16","16"
"F Series","Standard_F2","2"
"F Series","Standard_F4","4"
"F Series","Standard_F8","8"
"Foundry_Agent_P3","3.3 70b FT","0.3"
"Foundry_Agent_P3","51 codex cd inp Dz","0.1"
"Foundry_Agent_P3","51 codex cd inp Gl","0.1"
"Foundry_Agent_P3","51 codex cd inp Rg","0.1"
"Foundry_Agent_P3","51 codex inp Dz","1.3"
"Foundry_Agent_P3","51 codex inp Gl","1.2"
"Foundry_Agent_P3","51 codex inp Rg","1.3"
"Foundry_Agent_P3","51 codex max cd inp Dz","0.1"
"Foundry_Agent_P3","51 codex max cd inp Gl","0.1"
"Foundry_Agent_P3","51 codex max cd inp Rg","0.1"
"Foundry_Agent_P3","51 codex max inp Dz","1.3"
"Foundry_Agent_P3","51 codex max inp Gl","1.2"
"Foundry_Agent_P3","51 codex max inp Rg","1.6"
"Foundry_Agent_P3","51 codex max opt Dz","11"
"Foundry_Agent_P3","51 codex max opt Gl","10"
"Foundry_Agent_P3","51 codex max opt Rg","12"
"Foundry_Agent_P3","51 codex mini inp Dz","0.2"
"Foundry_Agent_P3","51 codex mini inp Gl","0.2"
"Foundry_Agent_P3","51 codex mini inp Rg","0.3"
"Foundry_Agent_P3","51 codex mini opt Dz","2.2"
"Foundry_Agent_P3","51 codex mini opt Gl","2"
"Foundry_Agent_P3","51 codex mini opt Rg","2.4"
"Foundry_Agent_P3","51 codex opt Dz","11"
"Foundry_Agent_P3","51 codex opt Gl","10"
"Foundry_Agent_P3","51 codex opt Rg","12"
"Foundry_Agent_P3","52 chat 0210 cd inp Dz","0.1"
"Foundry_Agent_P3","52 chat 0210 cd inp Gl","0.1"
"Foundry_Agent_P3","52 chat 0210 cd inp Rg","0.2"
"Foundry_Agent_P3","52 chat 0210 inp Dz","2.4"
"Foundry_Agent_P3","52 chat 0210 inp Gl","1.7"
"Foundry_Agent_P3","52 chat 0210 inp Rg","1.9"
"Foundry_Agent_P3","52 chat 0210 opt Dz","15.4"
"Foundry_Agent_P3","52 chat 0210 opt Gl","14"
"Foundry_Agent_P3","52 chat 0210 opt Rg","16.9"
"Foundry_Agent_P3","52 codex cd inp Dz","0.1"
"Foundry_Agent_P3","52 codex cd inp Gl","0.2"
"Foundry_Agent_P3","52 codex cd inp Rg","0.1"
"Foundry_Agent_P3","52 codex inp Dz","1.9"
"Foundry_Agent_P3","52 codex inp Gl","2.1"
"Foundry_Agent_P3","52 codex inp Rg","1.9"
"Foundry_Agent_P3","52 codex opt Dz","15.4"
"Foundry_Agent_P3","52 codex opt Gl","14"
"Foundry_Agent_P3","52 codex opt Rg","18.4"
"Foundry_Agent_P3","A Event Analytics","1"
"Foundry_Agent_P3","Add-On Face Grouping","2"
"Foundry_Agent_P3","Add-On Formula","3"
"Foundry_Agent_P3","Add-On Layout","5"
"Foundry_Agent_P3","Agent_Commit_Units_100K","1"
"Foundry_Agent_P3","Agent_Commit_Units_20K","1"
"Foundry_Agent_P3","Agent_Commit_Units_500K","1"
"Foundry_Agent_P3","Apache Airflow job","1"
"Foundry_Agent_P3","API for GraphQL Query","1"
"Foundry_Agent_P3","Assistants-File Search-glbl","0.1"
"Foundry_Agent_P3","Assistants-File Search-regnl","0.1"
"Foundry_Agent_P3","Audio Content Extraction","0.3"
"Foundry_Agent_P3","Audio Field Extraction","0.8"
"Foundry_Agent_P3","autoscale for Data Warehouse","0.2"
"Foundry_Agent_P3","autoscale for Spark","0.2"
"Foundry_Agent_P3","Az-Code-Davinci","0.1"
"Foundry_Agent_P3","Az-Embeddings-Davinci","0.2"
"Foundry_Agent_P3","Az-Provisioned Throughput","2"
"Foundry_Agent_P3","babbage-002-FT-Hstng-glbl","1.7"
"Foundry_Agent_P3","babbage-002-FT-Hstng-regnl","1.7"
"Foundry_Agent_P3","babbage-002-FT-Trng-glbl","34"
"Foundry_Agent_P3","babbage-002-FT-Trng-regnl","34"
"Foundry_Agent_P3","Basic CC","0.1"
"Foundry_Agent_P3","Basic Doc Content Extraction","1"
"Foundry_Agent_P3","Batch2","1"
"Foundry_Agent_P3","Business","19"
"Foundry_Agent_P3","Business for non-GHE customers","19"
"Foundry_Agent_P3","C2","82.8"
"Foundry_Agent_P3","C2 Custom Model Hosting","12.5"
"Foundry_Agent_P3","C2 Custom Training","8.2"
"Foundry_Agent_P3","C3","24"
"Foundry_Agent_P3","C3 Custom Model Hosting","12.5"
"Foundry_Agent_P3","C3 Custom Training","6"
"Foundry_Agent_P3","C4","1451.6"
"Foundry_Agent_P3","C4 Custom Model Hosting","12.5"
"Foundry_Agent_P3","C4 Custom Training","4.5"
"Foundry_Agent_P3","CNV Neural HD Synthesis","48"
"Foundry_Agent_P3","Code-cushman-FineTuned-Training","26"
"Foundry_Agent_P3","Code-davinci","0.1"
"Foundry_Agent_P3","Commitment Tier App 150K hours","337500"
"Foundry_Agent_P3","Commitment Tier App 20K hours","75000"
"Foundry_Agent_P3","Commitment Tier App 400K hours","1.9"
"Foundry_Agent_P3","Commitment Tier App 50K hours","165000"
"Foundry_Agent_P3","Commitment Tier Azure 10000M","4.5"
"Foundry_Agent_P3","Commitment Tier Azure 1000M","6000"
"Foundry_Agent_P3","Commitment Tier Azure 250M","10.2"
"Foundry_Agent_P3","Commitment Tier Azure 4000M","6.8"
"Foundry_Agent_P3","Commitment Tier CLU Azure 10M","1.1"
"Foundry_Agent_P3","Commitment Tier CLU Azure 1M","1.6"
"Foundry_Agent_P3","Commitment Tier CLU Azure 25M","24000"
"Foundry_Agent_P3","Commitment Tier CLU Azure 3M","4080"
"Foundry_Agent_P3","Commitment Tier CLU Connected Cont 10M","9280"
"Foundry_Agent_P3","Commitment Tier CLU Connected Cont 1M","1280"
"Foundry_Agent_P3","Commitment Tier CLU Connected Cont 25M","19200"
"Foundry_Agent_P3","Commitment Tier CLU Connected Cont 3M","4080"
"Foundry_Agent_P3","Commitment Tier Connected 10000M","4.2"
"Foundry_Agent_P3","Commitment Tier Connected 1000M","7.1"
"Foundry_Agent_P3","Commitment Tier Connected 250M","9.7"
"Foundry_Agent_P3","Commitment Tier Connected 4000M","5.2"
"Foundry_Agent_P3","Commitment Tier CSTT Disconnected 100K","547200"
"Foundry_Agent_P3","Commitment Tier CSTT Disconnected 10K","111150"
"Foundry_Agent_P3","Commitment Tier CSTT Disconnected 2K","27360"
"Foundry_Agent_P3","Commitment Tier CSTT Disconnected 50K","427500"
"Foundry_Agent_P3","Commitment Tier Custom NTTS Disconnected 10000M","2016000"
"Foundry_Agent_P3","Commitment Tier Custom NTTS Disconnected 2000M","489600"
"Foundry_Agent_P3","Commitment Tier Custom Speech to Text Azure 100K","0.5"
"Foundry_Agent_P3","Commitment Tier Custom Speech to Text Azure 10K","7800"
"Foundry_Agent_P3","Commitment Tier Custom Speech to Text Azure 2K","2400"
"Foundry_Agent_P3","Commitment Tier Custom Speech to Text Azure 50K","30000"
"Foundry_Agent_P3","Commitment Tier Custom Speech to Text Connected 100K","0.4"
"Foundry_Agent_P3","Commitment Tier Custom Speech to Text Connected 10K","0.7"
"Foundry_Agent_P3","Commitment Tier Custom Speech to Text Connected 2K","1824"
"Foundry_Agent_P3","Commitment Tier Custom Speech to Text Connected 50K","28500"
"Foundry_Agent_P3","Commitment Tier DC CLU 10M","111360"
"Foundry_Agent_P3","Commitment Tier DC CLU 1M","15360"
"Foundry_Agent_P3","Commitment Tier DC CLU 25M","288000"
"Foundry_Agent_P3","Commitment Tier DC CLU 3M","39168"
"Foundry_Agent_P3","Commitment Tier Emb 10000M","53437.5"
"Foundry_Agent_P3","Commitment Tier Emb 1000M","5.7"
"Foundry_Agent_P3","Commitment Tier Emb 250M","7.8"
"Foundry_Agent_P3","Commitment Tier Emb 4000M","6.5"
"Foundry_Agent_P3","Commitment Tier Image Azure 2.5M","1500"
"Foundry_Agent_P3","Commitment Tier Image Azure 250K","0.6"
"Foundry_Agent_P3","Commitment Tier Image Azure 6.25M","3281"
"Foundry_Agent_P3","Commitment Tier Image Azure 625K","398"
"Foundry_Agent_P3","Commitment Tier Image Con 6.25M","0.4"
"Foundry_Agent_P3","Commitment Tier Image Conn 2.5M","1425"
"Foundry_Agent_P3","Commitment Tier Image Conn 250K","0.6"
"Foundry_Agent_P3","Commitment Tier Image Conn 625K","379"
"Foundry_Agent_P3","Commitment Tier Pre-Built Azure 1000K","7.5"
"Foundry_Agent_P3","Commitment Tier Pre-Built Azure 100K","900"
"Foundry_Agent_P3","Commitment Tier Pre-Built Azure 20K","11.8"
"Foundry_Agent_P3","Commitment Tier Pre-Built Azure 500K","8"
"Foundry_Agent_P3","Commitment Tier Pre-Built Connected 1000K","6000"
"Foundry_Agent_P3","Commitment Tier Pre-Built Connected 100K","720"
"Foundry_Agent_P3","Commitment Tier Pre-Built Connected 20K","9.5"
"Foundry_Agent_P3","Commitment Tier Pre-Built Connected 500K","6.4"
"Foundry_Agent_P3","Commitment Tier Pre-Built Disconnected 1000K","90000"
"Foundry_Agent_P3","Commitment Tier Pre-Built Disconnected 100K","10800"
"Foundry_Agent_P3","Commitment Tier Pre-Built Disconnected 20K","2280"
"Foundry_Agent_P3","Commitment Tier Pre-Built Disconnected 500K","48000"
"Foundry_Agent_P3","Commitment Tier Read Azure 16000K","0.4"
"Foundry_Agent_P3","Commitment Tier Read Azure 2000K","1500"
"Foundry_Agent_P3","Commitment Tier Read Azure 500K","0.9"
"Foundry_Agent_P3","Commitment Tier Read Azure 8000K","4200"
"Foundry_Agent_P3","Commitment Tier Read Connected 16000K","6480"
"Foundry_Agent_P3","Commitment Tier Read Connected 2000K","1080"
"Foundry_Agent_P3","Commitment Tier Read Connected 500K","0.6"
"Foundry_Agent_P3","Commitment Tier Read Connected 8000K","0.4"
"Foundry_Agent_P3","Commitment Tier Read Disconnected 16000K","77760"
"Foundry_Agent_P3","Commitment Tier Read Disconnected 2000K","12960"
"Foundry_Agent_P3","Commitment Tier Read Disconnected 500K","4050"
"Foundry_Agent_P3","Commitment Tier Read Disconnected 8000K","56700"
"Foundry_Agent_P3","Commitment Tier STT AddOn 100K","171000"
"Foundry_Agent_P3","Commitment Tier STT AddOn 10K","27787.5"
"Foundry_Agent_P3","Commitment Tier STT AddOn 2K","5472"
"Foundry_Agent_P3","Commitment Tier STT AddOn 50K","106875"
"Foundry_Agent_P3","Commitment Tier STT AddOn Azure 100K","15000"
"Foundry_Agent_P3","Commitment Tier STT AddOn Azure 10K","2437.5"
"Foundry_Agent_P3","Commitment Tier STT AddOn Azure 2K","480"
"Foundry_Agent_P3","Commitment Tier STT AddOn Azure 50K","0.1"
"Foundry_Agent_P3","Commitment Tier STT AddOn Connected 100K","0.1"
"Foundry_Agent_P3","Commitment Tier STT AddOn Connected 10K","0.1"
"Foundry_Agent_P3","Commitment Tier STT AddOn Connected 2K","0.2"
"Foundry_Agent_P3","Commitment Tier STT AddOn Connected 50K","8906.2"
"Foundry_Agent_P3","Commitment Tier Summarization 10M","67200"
"Foundry_Agent_P3","Commitment Tier Summarization 1M","15360"
"Foundry_Agent_P3","Commitment Tier Summarization 3M","31680"
"Foundry_Agent_P3","Commitment Tier Summarization Azure 10M","0.8"
"Foundry_Agent_P3","Commitment Tier Summarization Azure 3M","1.3"
"Foundry_Agent_P3","Commitment Tier Summarization Connected 10M","5600"
"Foundry_Agent_P3","Commitment Tier Summarization Connected 3M","1.1"
"Foundry_Agent_P3","Commitment Tier TA4H 10M","70000"
"Foundry_Agent_P3","Commitment Tier TA4H 1M","14"
"Foundry_Agent_P3","Commitment Tier TA4H 3M","11"
"Foundry_Agent_P3","Commitment Tier TA4H Connected 10M","5.5"
"Foundry_Agent_P3","Commitment Tier TA4H Connected 1M","14000"
"Foundry_Agent_P3","Commitment Tier TA4H Connected 3M","27500"
"Foundry_Agent_P3","Commitment Tier Txt Azure 10M","0.2"
"Foundry_Agent_P3","Commitment Tier Txt Azure 1M","338"
"Foundry_Agent_P3","Commitment Tier Txt Azure 2.5M","0.3"
"Foundry_Agent_P3","Commitment Tier Txt Azure 25M","6563"
"Foundry_Agent_P3","Commitment Tier Txt Conn 10M","2850"
"Foundry_Agent_P3","Commitment Tier Txt Conn 1M","0.3"
"Foundry_Agent_P3","Commitment Tier Txt Conn 2.5M","0.3"
"Foundry_Agent_P3","Commitment Tier Txt Conn 25M","6234"
"Foundry_Agent_P3","Compute Pool","0.2"
"Foundry_Agent_P3","Copilot and AI","0.3"
"Foundry_Agent_P3","Cosmos DB backup storage","0.3"
"Foundry_Agent_P3","Csms DB in MS Fabric","1"
"Foundry_Agent_P3","Custom - Fast Transcription","0.4"
"Foundry_Agent_P3","Custom Image Classification","20"
"Foundry_Agent_P3","Custom Object Detection","2"
"Foundry_Agent_P3","Custom Speech to Text Batch Teams","0.2"
"Foundry_Agent_P3","D3","9"
"Foundry_Agent_P3","Data Movement","0.2"
"Foundry_Agent_P3","Data Orchestration","1"
"Foundry_Agent_P3","Data Warehouse","1"
"Foundry_Agent_P3","davinci-002-FT-Hstng-glbl","1.7"
"Foundry_Agent_P3","davinci-002-FT-Hstng-regnl","1.7"
"Foundry_Agent_P3","davinci-002-FT-Trng-glbl","50"
"Foundry_Agent_P3","davinci-002-FT-Trng-regnl","50"
"Foundry_Agent_P3","dbt job","1"
"Foundry_Agent_P3","Digital Twin Builder","0.2"
"Foundry_Agent_P3","Digital Twin Builder Operation","1"
"Foundry_Agent_P3","Digital Twin Builder Query","0.2"
"Foundry_Agent_P3","Doc AI DZone 2505","3.2"
"Foundry_Agent_P3","Doc AI glbl 2505","3"
"Foundry_Agent_P3","Doc AI regnl 2505","3.6"
"Foundry_Agent_P3","Document Field Extraction","22"
"Foundry_Agent_P3","Embed Internal","16"
"Foundry_Agent_P3","embedding-davinci-regnl","0.2"
"Foundry_Agent_P3","Enterprise","39"
"Foundry_Agent_P3","Eventhouse","0.1"
"Foundry_Agent_P3","Eventstream Connector","1"
"Foundry_Agent_P3","Eventstream Data Traffic","0.2"
"Foundry_Agent_P3","Eventstream Flat","1"
"Foundry_Agent_P3","Eventstream Processor","0.2"
"Foundry_Agent_P3","Fabric Meter 15","1"
"Foundry_Agent_P3","Fabric Meter 23","0.5"
"Foundry_Agent_P3","Fabric Meter 27","1"
"Foundry_Agent_P3","Fabric Meter 28","1"
"Foundry_Agent_P3","Fabric Meter 29","1"
"Foundry_Agent_P3","Fabric Meter 31","0.2"
"Foundry_Agent_P3","Fabric Meter 34","1"
"Foundry_Agent_P3","Fabric Meter 36","0.2"
"Foundry_Agent_P3","Fabric Meter 37","1"
"Foundry_Agent_P3","Fabric Meter 38","1"
"Foundry_Agent_P3","Fabric Meter 39","1"
"Foundry_Agent_P3","Fabric Meter 40","1"
"Foundry_Agent_P3","Fabric Meter 41","1"
"Foundry_Agent_P3","Fabric Meter 42","1"
"Foundry_Agent_P3","Fabric Meter 43","1"
"Foundry_Agent_P3","Fabric Meter 44","1"
"Foundry_Agent_P3","Fabric Meter 45","1"
"Foundry_Agent_P3","Fabric Meter 46","0.2"
"Foundry_Agent_P3","Fabric Meter 47","1"
"Foundry_Agent_P3","Fabric Meter 48","1"
"Foundry_Agent_P3","Fabric Meter 49","0.2"
"Foundry_Agent_P3","Fabric Meter 50","0.1"
"Foundry_Agent_P3","Fabric Meter 51","1"
"Foundry_Agent_P3","Fabric Meter 52","0.2"
"Foundry_Agent_P3","Fabric Meter 53","0.1"
"Foundry_Agent_P3","Fabric Meter 54","1"
"Foundry_Agent_P3","Fabric Meter 55","1"
"Foundry_Agent_P3","Fabric Meter 56","1"
"Foundry_Agent_P3","Fabric Meter 57","0.1"
"Foundry_Agent_P3","Fabric Meter 58","0.2"
"Foundry_Agent_P3","Fabric Meter 59","1"
"Foundry_Agent_P3","Fabric Meter 60","1"
"Foundry_Agent_P3","Fabric_Capacity_CU_Hour","0.1"
"Foundry_Agent_P3","Fabric_Capacity_Data_Movement_Incremental_copy","1"
"Foundry_Agent_P3","Face Transaction","1"
"Foundry_Agent_P3","Fast Transcription","0.3"
"Foundry_Agent_P3","File Based Speech Translation Input","1"
"Foundry_Agent_P3","file-search-tool-calls-datazone","2.7"
"Foundry_Agent_P3","file-search-tool-calls-glbl","2.5"
"Foundry_Agent_P3","file-search-tool-calls-rgnl","3.4"
"Foundry_Agent_P3","Flux 1.1 Pro Dzone","44"
"Foundry_Agent_P3","Flux 1.1 Pro glbl","40"
"Foundry_Agent_P3","Flux 1.1 Pro regnl","48.3"
"Foundry_Agent_P3","gpt 4.5 0227 Outp glbl","0.1"
"Foundry_Agent_P3","GPT 5 Batch Inpt DZone","0.6"
"Foundry_Agent_P3","GPT 5 Batch Inpt Glbl","0.6"
"Foundry_Agent_P3","GPT 5 Batch outpt DZone","5.5"
"Foundry_Agent_P3","GPT 5 Batch outpt Glbl","5"
"Foundry_Agent_P3","GPT 5 cchd Inpt DZone","0.1"
"Foundry_Agent_P3","GPT 5 cchd Inpt Glbl","0.1"
"Foundry_Agent_P3","GPT 5 cchd Inpt Rgnl","0.1"
"Foundry_Agent_P3","GPT 5 Chat cchd Inpt DZone","0.1"
"Foundry_Agent_P3","GPT 5 Chat cchd Inpt Glbl","0.1"
"Foundry_Agent_P3","GPT 5 Chat cchd Inpt Rgnl","0.1"
"Foundry_Agent_P3","GPT 5 Chat Inpt DZone","1.3"
"Foundry_Agent_P3","GPT 5 Chat Inpt Glbl","1.2"
"Foundry_Agent_P3","GPT 5 Chat Inpt Rgnl","1.5"
"Foundry_Agent_P3","GPT 5 Chat outpt DZone","13.7"
"Foundry_Agent_P3","GPT 5 Chat outpt Glbl","12.5"
"Foundry_Agent_P3","GPT 5 Chat outpt Rgnl","12"
"Foundry_Agent_P3","GPT 5 Inpt DZone","1.3"
"Foundry_Agent_P3","GPT 5 Inpt Glbl","1.2"
"Foundry_Agent_P3","GPT 5 Inpt Rgnl","1.3"
"Foundry_Agent_P3","GPT 5 Mini Batch Inpt DZone","0.1"
"Foundry_Agent_P3","GPT 5 Mini Batch Inpt Glbl","0.1"
"Foundry_Agent_P3","GPT 5 Mini Batch outpt DZone","1.3"
"Foundry_Agent_P3","GPT 5 Mini Batch outpt Glbl","1"
"Foundry_Agent_P3","GPT 5 Mini Inpt DZone","0.2"
"Foundry_Agent_P3","GPT 5 Mini Inpt Glbl","0.2"
"Foundry_Agent_P3","GPT 5 Mini Inpt Rgnl","0.3"
"Foundry_Agent_P3","GPT 5 Mini outpt DZone","2.7"
"Foundry_Agent_P3","GPT 5 Mini outpt Glbl","2"
"Foundry_Agent_P3","GPT 5 Mini outpt Rgnl","2.4"
"Foundry_Agent_P3","gpt 5 mini Prty Inp Dzone","0.4"
"Foundry_Agent_P3","gpt 5 mini Prty Inp glbl","0.4"
"Foundry_Agent_P3","gpt 5 mini Prty Outp Dzone","3.9"
"Foundry_Agent_P3","gpt 5 mini Prty Outp glbl","3.6"
"Foundry_Agent_P3","GPT 5 Nano Batch outpt DZone","0.2"
"Foundry_Agent_P3","GPT 5 Nano Batch outpt Glbl","0.2"
"Foundry_Agent_P3","GPT 5 Nano outpt DZone","0.4"
"Foundry_Agent_P3","GPT 5 Nano outpt Glbl","0.4"
"Foundry_Agent_P3","GPT 5 Nano outpt Rgnl","0.4"
"Foundry_Agent_P3","GPT 5 outpt DZone","11"
"Foundry_Agent_P3","GPT 5 outpt Glbl","10"
"Foundry_Agent_P3","GPT 5 outpt Rgnl","12"
"Foundry_Agent_P3","gpt 5 pro out dzone","0.1"
"Foundry_Agent_P3","gpt 5 pro out glbl","0.1"
"Foundry_Agent_P3","gpt 5 Prty cchd Inp Dzone","0.2"
"Foundry_Agent_P3","gpt 5 Prty cchd Inp glbl","0.3"
"Foundry_Agent_P3","gpt 5 Prty Inp Dzone","2.7"
"Foundry_Agent_P3","gpt 5 Prty Inp glbl","2.5"
"Foundry_Agent_P3","gpt 5 Prty Outp Dzone","22"
"Foundry_Agent_P3","gpt 5 Prty Outp glbl","20"
"Foundry_Agent_P3","GPT 5.2 Batch inp Dz","0.9"
"Foundry_Agent_P3","GPT 5.2 Batch inp Gl","0.8"
"Foundry_Agent_P3","GPT 5.2 Batch opt Dz","7.7"
"Foundry_Agent_P3","GPT 5.2 Batch opt Gl","7"
"Foundry_Agent_P3","GPT 5.2 cd inp Dz","0.1"
"Foundry_Agent_P3","GPT 5.2 cd inp Gl","0.1"
"Foundry_Agent_P3","GPT 5.2 cd inp Rg","0.1"
"Foundry_Agent_P3","GPT 5.2 chat cd inp Dz","0.1"
"Foundry_Agent_P3","GPT 5.2 chat cd inp Gl","0.1"
"Foundry_Agent_P3","GPT 5.2 chat cd inp Rg","0.2"
"Foundry_Agent_P3","GPT 5.2 chat inp Dz","1.9"
"Foundry_Agent_P3","GPT 5.2 chat inp Gl","1.7"
"Foundry_Agent_P3","GPT 5.2 chat inp Rg","2.1"
"Foundry_Agent_P3","GPT 5.2 chat opt Dz","19.2"
"Foundry_Agent_P3","GPT 5.2 chat opt Gl","14"
"Foundry_Agent_P3","GPT 5.2 chat opt Rg","19.2"
"Foundry_Agent_P3","GPT 5.2 inp Dz","1.9"
"Foundry_Agent_P3","GPT 5.2 inp Gl","1.7"
"Foundry_Agent_P3","GPT 5.2 inp Rg","1.9"
"Foundry_Agent_P3","GPT 5.2 opt Dz","15.4"
"Foundry_Agent_P3","GPT 5.2 opt Gl","14"
"Foundry_Agent_P3","GPT 5.2 opt Rg","16.9"
"Foundry_Agent_P3","GPT 5.2 pro Batch inp Dz","11.5"
"Foundry_Agent_P3","GPT 5.2 pro Batch inp Gl","13.1"
"Foundry_Agent_P3","GPT 5.2 pro Batch opt Dz","92.4"
"Foundry_Agent_P3","GPT 5.2 pro Batch opt Gl","84"
"Foundry_Agent_P3","GPT 5.2 pro inp Dz","23.1"
"Foundry_Agent_P3","GPT 5.2 pro inp Gl","21"
"Foundry_Agent_P3","GPT 5.2 pro inp Rg","27.7"
"Foundry_Agent_P3","GPT 5.2 pro opt Dz","184.8"
"Foundry_Agent_P3","GPT 5.2 pro opt Gl","168"
"Foundry_Agent_P3","GPT 5.2 pro opt Rg","203.2"
"Foundry_Agent_P3","GPT 51 Batch inp Dz","0.6"
"Foundry_Agent_P3","GPT 51 Batch inp Gl","0.6"
"Foundry_Agent_P3","GPT 51 Batch opt Dz","5.5"
"Foundry_Agent_P3","GPT 51 Batch opt Gl","5"
"Foundry_Agent_P3","GPT 51 cd inp Dz","0.1"
"Foundry_Agent_P3","GPT 51 cd inp Gl","0.1"
"Foundry_Agent_P3","GPT 51 cd inp Rg","0.1"
"Foundry_Agent_P3","GPT 51 chat cd inp Dz","0.1"
"Foundry_Agent_P3","GPT 51 chat cd inp Gl","0.1"
"Foundry_Agent_P3","GPT 51 chat cd inp Rg","0.1"
"Foundry_Agent_P3","GPT 51 chat inp Dz","1.3"
"Foundry_Agent_P3","GPT 51 chat inp Gl","1.2"
"Foundry_Agent_P3","GPT 51 chat inp Rg","1.3"
"Foundry_Agent_P3","GPT 51 chat opt Dz","11"
"Foundry_Agent_P3","GPT 51 chat opt Gl","12.5"
"Foundry_Agent_P3","GPT 51 chat opt Rg","12"
"Foundry_Agent_P3","GPT 51 inp Dz","1.3"
"Foundry_Agent_P3","GPT 51 inp Gl","1.2"
"Foundry_Agent_P3","GPT 51 inp Rg","1.5"
"Foundry_Agent_P3","GPT 51 opt Dz","11"
"Foundry_Agent_P3","GPT 51 opt Gl","10"
"Foundry_Agent_P3","GPT 51 opt Rg","12"
"Foundry_Agent_P3","gpt aud mn in DZ 1215","11"
"Foundry_Agent_P3","gpt aud mn in gl 1215","10"
"Foundry_Agent_P3","gpt aud mn in rg 1215","11"
"Foundry_Agent_P3","gpt aud mn out DZ 1215","22"
"Foundry_Agent_P3","gpt aud mn out gl 1215","20"
"Foundry_Agent_P3","gpt aud mn out rg 1215","22"
"Foundry_Agent_P3","gpt aud mn txt in DZ 1215","0.6"
"Foundry_Agent_P3","gpt aud mn txt in gl 1215","0.5"
"Foundry_Agent_P3","gpt aud mn txt in rg 1215","0.6"
"Foundry_Agent_P3","gpt aud mn txt out DZ 1215","2.6"
"Foundry_Agent_P3","gpt aud mn txt out gl 1215","2.3"
"Foundry_Agent_P3","gpt aud mn txt out rg 1215","2.9"
"Foundry_Agent_P3","gpt img 1.5 in cd img DZ","2.2"
"Foundry_Agent_P3","gpt img 1.5 in cd img gl","2.5"
"Foundry_Agent_P3","gpt img 1.5 in cd txt DZ","1.3"
"Foundry_Agent_P3","gpt img 1.5 in cd txt gl","1.2"
"Foundry_Agent_P3","gpt img 1.5 in img DZ","8.8"
"Foundry_Agent_P3","gpt img 1.5 in img gl","8"
"Foundry_Agent_P3","gpt img 1.5 in txt DZ","5.5"
"Foundry_Agent_P3","gpt img 1.5 in txt gl","6.2"
"Foundry_Agent_P3","gpt img 1.5 out img DZ","35.2"
"Foundry_Agent_P3","gpt img 1.5 out img gl","40"
"Foundry_Agent_P3","gpt img 1.5 out txt DZ","11"
"Foundry_Agent_P3","gpt img 1.5 out txt gl","10"
"Foundry_Agent_P3","gpt rt aud mn cd in DZ 1215","0.3"
"Foundry_Agent_P3","gpt rt aud mn cd in gl 1215","0.2"
"Foundry_Agent_P3","gpt rt aud mn cd in rg 1215","0.3"
"Foundry_Agent_P3","gpt rt aud mn in DZ 1215","11"
"Foundry_Agent_P3","gpt rt aud mn in gl 1215","10"
"Foundry_Agent_P3","gpt rt aud mn in rg 1215","11"
"Foundry_Agent_P3","gpt rt aud mn out DZ 1215","22"
"Foundry_Agent_P3","gpt rt aud mn out gl 1215","20"
"Foundry_Agent_P3","gpt rt aud mn out rg 1215","26.3"
"Foundry_Agent_P3","gpt rt img mn in DZ 1215","0.8"
"Foundry_Agent_P3","gpt rt img mn in gl 1215","0.8"
"Foundry_Agent_P3","gpt rt img mn in rg 1215","0.9"
"Foundry_Agent_P3","gpt rt txt mn in DZ 1215","0.6"
"Foundry_Agent_P3","gpt rt txt mn in gl 1215","0.5"
"Foundry_Agent_P3","gpt rt txt mn in rg 1215","0.7"
"Foundry_Agent_P3","gpt rt txt mn out DZ 1215","2.6"
"Foundry_Agent_P3","gpt rt txt mn Out gl 1215","2.3"
"Foundry_Agent_P3","gpt rt txt mn out rg 1215","2.6"
"Foundry_Agent_P3","gpt-35-turbo16K-FT-Hstng-glbl","1.7"
"Foundry_Agent_P3","gpt-35-turbo16K-FT-Hstng-regnl","2.1"
"Foundry_Agent_P3","gpt-35-turbo16K-FT-Trng-regnl","85"
"Foundry_Agent_P3","gpt-35-turbo4K-FT-Hstng-glbl","2.1"
"Foundry_Agent_P3","gpt-35-turbo4K-FT-Hstng-regnl","2.1"
"Foundry_Agent_P3","gpt-35-turbo4K-FT-Trng-regnl","49.5"
"Foundry_Agent_P3","gpt-4-32K-Outp-glbl","0.1"
"Foundry_Agent_P3","gpt-4-32K-Output-regional","0.1"
"Foundry_Agent_P3","gpt-4-8K-FT-Hstng-glbl","6.2"
"Foundry_Agent_P3","gpt-4-8K-FT-Hstng-regnl","6.2"
"Foundry_Agent_P3","gpt-4-8K-FT-Trng-regnl","127.5"
"Foundry_Agent_P3","gpt-4-8K-FT-Trng-regnl tkn","0.1"
"Foundry_Agent_P3","gpt-4.1-ft hosting global","1.7"
"Foundry_Agent_P3","gpt-4.1-ft hosting regional","1.7"
"Foundry_Agent_P3","gpt-4.1-mini-ft hosting global","1.7"
"Foundry_Agent_P3","gpt-4.1-mini-ft hosting regional","1.7"
"Foundry_Agent_P3","gpt-4.1-nano-ft hosting global","1.7"
"Foundry_Agent_P3","gpt-4.1-nano-ft hosting regional","1.7"
"Foundry_Agent_P3","gpt-4o-0806-FT-Hstng-glbl","1.7"
"Foundry_Agent_P3","gpt-4o-0806-FT-Hstng-regnl","1.8"
"Foundry_Agent_P3","gpt-4o-mini-0718-FT-Hstng-glbl","1.7"
"Foundry_Agent_P3","gpt-4o-mini-0718-FT-Hstng-regnl","1.8"
"Foundry_Agent_P3","gpt4o mn trscb aud in dz 1215","3.2"
"Foundry_Agent_P3","gpt4o mn trscb aud in gl 1215","3"
"Foundry_Agent_P3","gpt4o mn trscb aud in rg 1215","3.9"
"Foundry_Agent_P3","gpt4o mn trscb txt in dz 1215","1.3"
"Foundry_Agent_P3","gpt4o mn trscb txt in gl 1215","1.2"
"Foundry_Agent_P3","gpt4o mn trscb txt in rg 1215","1.3"
"Foundry_Agent_P3","gpt4o mn trscb txt out dz 1215","5.5"
"Foundry_Agent_P3","gpt4o mn trscb txt out gl 1215","5"
"Foundry_Agent_P3","gpt4o mn trscb txt out rg 1215","6"
"Foundry_Agent_P3","gpt4o mn tts aud out dz 1215","13.1"
"Foundry_Agent_P3","gpt4o mn tts aud out gl 1215","12"
"Foundry_Agent_P3","gpt4o mn tts aud out rg 1215","14.5"
"Foundry_Agent_P3","gpt4o mn tts txt in dz 1215","0.6"
"Foundry_Agent_P3","gpt4o mn tts txt in gl 1215","0.5"
"Foundry_Agent_P3","gpt4o mn tts txt in rg 1215","0.6"
"Foundry_Agent_P3","gpt4o realtimePrvw audio inp glbl","0.1"
"Foundry_Agent_P3","gpt4o realtimePrvw audio inp regn","0.1"
"Foundry_Agent_P3","gpt4o realtimePrvw audio outp glbl","0.2"
"Foundry_Agent_P3","gpt4o realtimePrvw audio outp regn","0.2"
"Foundry_Agent_P3","gpt4o realtimePrvwAudInp DataZone","0.1"
"Foundry_Agent_P3","gpt4o realtimePrvwAudOutp DataZone","0.2"
"Foundry_Agent_P3","Graph data management","1"
"Foundry_Agent_P3","Graph data science","1"
"Foundry_Agent_P3","High Scale DF Comp","0.2"
"Foundry_Agent_P3","Image Field Extraction","6"
"Foundry_Agent_P3","Image Retrieval - Query","0.1"
"Foundry_Agent_P3","Image-DALL-E-2-glbl","2.5"
"Foundry_Agent_P3","Image-DALL-E-2-regnl","2"
"Foundry_Agent_P3","Image-Dall-E-3 HD HighRes-glbl","12"
"Foundry_Agent_P3","Image-Dall-E-3 HD HighRes-regnl EP","13.1"
"Foundry_Agent_P3","Image-Dall-E-3 HD LowRes-glbl","8"
"Foundry_Agent_P3","Image-Dall-E-3 HD LowRes-regnl EP","10"
"Foundry_Agent_P3","Image-Dall-E-3 Std HighRes-glbl","10"
"Foundry_Agent_P3","Image-Dall-E-3 Std HighRes-regnl EP","8.8"
"Foundry_Agent_P3","Image-Dall-E-3 Std LowRes-glbl","5"
"Foundry_Agent_P3","Image-Dall-E-3 Std LowRes-regnl EP","4.4"
"Foundry_Agent_P3","Internal Personal Voice","6.2"
"Foundry_Agent_P3","Internal Service Charge","1000"
"Foundry_Agent_P3","Kontext Pro Dzone","44"
"Foundry_Agent_P3","Kontext Pro glbl","40"
"Foundry_Agent_P3","Kontext Pro regnl","48.3"
"Foundry_Agent_P3","Layout","5"
"Foundry_Agent_P3","Liveness","15"
"Foundry_Agent_P3","Liveness and Verification","18.6"
"Foundry_Agent_P3","M1","3"
"Foundry_Agent_P3","M2","3.2"
"Foundry_Agent_P3","Map processing","1"
"Foundry_Agent_P3","Map services","1"
"Foundry_Agent_P3","ML Model Endpoint","1"
"Foundry_Agent_P3","Model Router","0.1"
"Foundry_Agent_P3","Model Router Datazone","0.1"
"Foundry_Agent_P3","MultiRecognizerSpeechToTextTeams","1.1"
"Foundry_Agent_P3","Neural HD Text to Speech","22"
"Foundry_Agent_P3","o1-pro Batch Outp Data Zone","0.3"
"Foundry_Agent_P3","o1-pro Batch Outp glbl","0.2"
"Foundry_Agent_P3","o1-pro Inp Data Zone","0.1"
"Foundry_Agent_P3","o1-pro Inp glbl","0.1"
"Foundry_Agent_P3","o1-pro Inp regnl","0.1"
"Foundry_Agent_P3","o1-pro Outp Data Zone","0.6"
"Foundry_Agent_P3","o1-pro Outp glbl","0.5"
"Foundry_Agent_P3","o1-pro Outp regnl","0.7"
"Foundry_Agent_P3","o3-deep research 0626-inp-cchd-dzone","2.7"
"Foundry_Agent_P3","o3-deep research 0626-inp-cchd-glbl","2.5"
"Foundry_Agent_P3","o3-deep research 0626-inp-dzone","11"
"Foundry_Agent_P3","o3-deep research 0626-inp-glbl","10"
"Foundry_Agent_P3","o3-deep research 0626-out-dzone","44"
"Foundry_Agent_P3","o3-deep research 0626-out-glbl","40"
"Foundry_Agent_P3","o3-mini RFT Training global","100"
"Foundry_Agent_P3","o3-mini RFT Training regional","110"
"Foundry_Agent_P3","o3-mini-ft hosting global","1"
"Foundry_Agent_P3","o3-mini-ft hosting regional","1.1"
"Foundry_Agent_P3","o4 mini dev RFT Training glbl","50"
"Foundry_Agent_P3","o4-mini RFT Training global","100"
"Foundry_Agent_P3","o4-mini RFT Training regional","121"
"Foundry_Agent_P3","o4-mini-ft hosting global","1.7"
"Foundry_Agent_P3","o4-mini-ft hosting regional","1.7"
"Foundry_Agent_P3","OAI-based Neural Text to Speech","15"
"Foundry_Agent_P3","OCR 1125 Dzone","2.2"
"Foundry_Agent_P3","OCR 1125 glbl","2"
"Foundry_Agent_P3","OCR DZone","1.1"
"Foundry_Agent_P3","OCR glbl","1"
"Foundry_Agent_P3","OCR regnl","1.2"
"Foundry_Agent_P3","OneLake BCDR Iterative Read Operation via proxy","0.2"
"Foundry_Agent_P3","OneLake BCDR Iterative Read Operations","1"
"Foundry_Agent_P3","OneLake BCDR Iterative Write Operations","0.1"
"Foundry_Agent_P3","OneLake BCDR Iterative Write Operations via proxy","1"
"Foundry_Agent_P3","OneLake BCDR Other Operations","1"
"Foundry_Agent_P3","OneLake BCDR Other Operations via proxy","1"
"Foundry_Agent_P3","OneLake BCDR Read Operations","0.1"
"Foundry_Agent_P3","OneLake BCDR Read Operations via proxy","1"
"Foundry_Agent_P3","OneLake BCDR Write Operations","1"
"Foundry_Agent_P3","OneLake BCDR Write Operations via proxy","0.2"
"Foundry_Agent_P3","OneLake Cache","0.2"
"Foundry_Agent_P3","OneLake diagnostics","1"
"Foundry_Agent_P3","OneLake Iterative Read Operations","1"
"Foundry_Agent_P3","OneLake Iterative Read Operations via proxy","0.2"
"Foundry_Agent_P3","OneLake Iterative Write Operations","1"
"Foundry_Agent_P3","OneLake Iterative Write Operations via proxy","1"
"Foundry_Agent_P3","OneLake Other Operations","1"
"Foundry_Agent_P3","OneLake Other Operations via proxy","1"
"Foundry_Agent_P3","OneLake Read Operations","1"
"Foundry_Agent_P3","OneLake Read Operations via proxy","1"
"Foundry_Agent_P3","OneLake Security","1"
"Foundry_Agent_P3","OneLake Write Operations","1"
"Foundry_Agent_P3","Phi-3-Medium-128K-Instruct-Finetuned","0.8"
"Foundry_Agent_P3","Phi-3-Medium-4K-Instruct-Finetuned","0.8"
"Foundry_Agent_P3","Phi-3-Mini-128K-Instruct-Finetuned","0.8"
"Foundry_Agent_P3","Phi-3-Small-128K-Instruct-Finetuned","0.8"
"Foundry_Agent_P3","Phi-3.5-Mini-Instruct-Finetuned","0.8"
"Foundry_Agent_P3","Phi-4-Mini-FT","0.8"
"Foundry_Agent_P3","Photo Avatar Creation","2000"
"Foundry_Agent_P3","Power BI","1"
"Foundry_Agent_P3","Provisioned Data Zone","1.1"
"Foundry_Agent_P3","Provisioned Global","1"
"Foundry_Agent_P3","Provisioned Throughput - Available","2"
"Foundry_Agent_P3","Provisioned Throughput Units","312"
"Foundry_Agent_P3","Provisioned Throughput Units Overage","2"
"Foundry_Agent_P3","Real Time Speech Translation Cstm Audio Output","2"
"Foundry_Agent_P3","Real Time Speech Translation Std Audio Output","1.5"
"Foundry_Agent_P3","Real Time Speech Translation Text Output","10"
"Foundry_Agent_P3","Rerank v4 Fast DZ","2.2"
"Foundry_Agent_P3","Rerank v4 Fast Glbl","2"
"Foundry_Agent_P3","Rerank v4 Pro DZ","2.7"
"Foundry_Agent_P3","Rerank v4 Pro Glbl","2.5"
"Foundry_Agent_P3","RTI Event Listener and Alert","1"
"Foundry_Agent_P3","RTI Event Operations","1"
"Foundry_Agent_P3","S1 Custom Model Hosting","10"
"Foundry_Agent_P3","S1 Custom Training","12.5"
"Foundry_Agent_P3","S1 Custom Translation","40"
"Foundry_Agent_P3","S1 Document","15"
"Foundry_Agent_P3","S1 Image","10"
"Foundry_Agent_P3","S1 Standard","15"
"Foundry_Agent_P3","S2","8.2"
"Foundry_Agent_P3","S2 Custom Model Hosting","12.5"
"Foundry_Agent_P3","S3","6"
"Foundry_Agent_P3","S3 Custom Model Hosting","10"
"Foundry_Agent_P3","S4","5.6"
"Foundry_Agent_P3","S4 Custom Model Hosting","10"
"Foundry_Agent_P3","Shelf Image Composition","2.5"
"Foundry_Agent_P3","Shelf Planogram Compliance","5"
"Foundry_Agent_P3","Shelf Product Recognition","5"
"Foundry_Agent_P3","Sora 1080p 1-5s glbl","1.3"
"Foundry_Agent_P3","Sora 1080p 1-5s regnl","1.6"
"Foundry_Agent_P3","Sora 1080p 11-15s glbl","2.8"
"Foundry_Agent_P3","Sora 1080p 11-15s regnl","2.8"
"Foundry_Agent_P3","Sora 1080p 16-20s glbl","3.6"
"Foundry_Agent_P3","Sora 1080p 16-20s regnl","3.9"
"Foundry_Agent_P3","Sora 1080p 6-10s glbl","1.8"
"Foundry_Agent_P3","Sora 1080p 6-10s regnl","2"
"Foundry_Agent_P3","Sora 1080p Sq 1-5s glbl","0.5"
"Foundry_Agent_P3","Sora 1080p Sq 1-5s regnl","0.5"
"Foundry_Agent_P3","Sora 1080p Sq 11-15s glbl","1.1"
"Foundry_Agent_P3","Sora 1080p Sq 11-15s regnl","1.1"
"Foundry_Agent_P3","Sora 1080p Sq 16-20s glbl","1.3"
"Foundry_Agent_P3","Sora 1080p Sq 16-20s regnl","1.6"
"Foundry_Agent_P3","Sora 1080p Sq 6-10s glbl","0.7"
"Foundry_Agent_P3","Sora 1080p Sq 6-10s regnl","0.8"
"Foundry_Agent_P3","Sora 2 dzone","0.1"
"Foundry_Agent_P3","Sora 2 glbl","0.1"
"Foundry_Agent_P3","Sora 2 pro dzone","0.3"
"Foundry_Agent_P3","Sora 2 pro glbl","0.2"
"Foundry_Agent_P3","Sora 2 pro high res dzone","0.5"
"Foundry_Agent_P3","Sora 2 pro high res glbl","0.5"
"Foundry_Agent_P3","Sora 2 pro high res rgnl","0.6"
"Foundry_Agent_P3","Sora 2 pro rgnl","0.3"
"Foundry_Agent_P3","Sora 2 rgnl","0.1"
"Foundry_Agent_P3","Sora 480p 1-20s glbl","0.2"
"Foundry_Agent_P3","Sora 480p 1-20s regnl","0.2"
"Foundry_Agent_P3","Sora 480p Sq 1-20s glbl","0.1"
"Foundry_Agent_P3","Sora 480p Sq 1-20s regnl","0.1"
"Foundry_Agent_P3","Sora 720p 1-5s glbl","0.4"
"Foundry_Agent_P3","Sora 720p 1-5s regnl","0.4"
"Foundry_Agent_P3","Sora 720p 11-15s glbl","0.6"
"Foundry_Agent_P3","Sora 720p 11-15s regnl","0.6"
"Foundry_Agent_P3","Sora 720p 16-20s glbl","0.7"
"Foundry_Agent_P3","Sora 720p 16-20s regnl","0.9"
"Foundry_Agent_P3","Sora 720p 6-10s glbl","0.5"
"Foundry_Agent_P3","Sora 720p 6-10s regnl","0.5"
"Foundry_Agent_P3","Sora 720p Sq 1-20s glbl","0.2"
"Foundry_Agent_P3","Sora 720p Sq 1-20s regnl","0.2"
"Foundry_Agent_P3","Spark Mem Op","1"
"Foundry_Agent_P3","Spatial Presenter","5"
"Foundry_Agent_P3","Speech-Text to Speech HD-global","30"
"Foundry_Agent_P3","Speech-Text to Speech HD-Regional","36.2"
"Foundry_Agent_P3","Speech-Text to Speech-global","15"
"Foundry_Agent_P3","Speech-Text to Speech-Regional","15"
"Foundry_Agent_P3","Speech-to-Text-Batch-Whisper-glbl","0.3"
"Foundry_Agent_P3","Speech-to-Text-Batch-Whisper-regnl","0.4"
"Foundry_Agent_P3","SQL database in Microsoft Fabric","0.2"
"Foundry_Agent_P3","SQL database in Microsoft Fabric - LR","0.2"
"Foundry_Agent_P3","SQL Storage","0.2"
"Foundry_Agent_P3","SRE","0.1"
"Foundry_Agent_P3","SSIS in Fabric","1"
"Foundry_Agent_P3","Standard","0.3"
"Foundry_Agent_P3","Standard Doc Content Extraction","5"
"Foundry_Agent_P3","Standard Pay As You Go","15"
"Foundry_Agent_P3","Standard S1 CC","0.3"
"Foundry_Agent_P3","Standard S2 CC","1.9"
"Foundry_Agent_P3","Standard S3 CC","2.9"
"Foundry_Agent_P3","Standard Streaming","0.5"
"Foundry_Agent_P3","Storage","0.2"
"Foundry_Agent_P3","Storage Optimized L1 CC","4.2"
"Foundry_Agent_P3","Storage Optimized L2 CC","8.4"
"Foundry_Agent_P3","Text to Speech - Personal Voice","600"
"Foundry_Agent_P3","TTS Custom Avatar Batch","2"
"Foundry_Agent_P3","TTS Custom Avatar Hosting","0.5"
"Foundry_Agent_P3","TTS Custom Avatar Realtime","0.5"
"Foundry_Agent_P3","TTS Custom Avatar Training","15"
"Foundry_Agent_P3","TTS HD Custom Avatar Batch","2.7"
"Foundry_Agent_P3","TTS HD Custom Avatar Realtime","0.8"
"Foundry_Agent_P3","TTS HD Standard Avatar Batch","1.3"
"Foundry_Agent_P3","TTS HD Standard Avatar Realtime","0.6"
"Foundry_Agent_P3","TTS Standard Avatar Batch","1"
"Foundry_Agent_P3","TTS Standard Avatar Realtime","0.6"
"Foundry_Agent_P3","user data functions","0.1"
"Foundry_Agent_P3","User Messages","0.2"
"Foundry_Agent_P3","Vectorize Image","0.1"
"Foundry_Agent_P3","Video Content Extraction","1"
"Foundry_Agent_P3","Video Field Extraction","9"
"Foundry_Agent_P3","Video Retrieval - Query","0.2"
"Foundry_Agent_P3","Video Retrieval - Summary","6"
"Foundry_Agent_P3","Video Retrieval and Description - Ingestion","3"
"Foundry_Agent_P3","Video Translation AddOn PersonalVoice","0.2"
"Foundry_Agent_P3","Video Translation Automated","1"
"Foundry_Agent_P3","Video Translation Cstm Audio Output","20"
"Foundry_Agent_P3","Video Translation Edit Text to Video","0.2"
"Foundry_Agent_P3","Video Translation Input","5"
"Foundry_Agent_P3","Video Translation Std Audio Output","15"
"Foundry_Agent_P3","VNet Data Gateway","1"
"Foundry_Agent_P3","Voice Conversion - Standard","0.1"
"FS Series","Standard_F16s","16"
"FS Series","Standard_F1s","1"
"FS Series","Standard_F2s","2"
"FS Series","Standard_F4s","4"
"FS Series","Standard_F8s","8"
"FSv2 Series","Standard_F16s_v2","16"
"FSv2 Series","Standard_F2s_v2","2"
"FSv2 Series","Standard_F32s_v2","32"
"FSv2 Series","Standard_F48s_v2","48"
"FSv2 Series","Standard_F4s_v2","4"
"FSv2 Series","Standard_F64s_v2","64"
"FSv2 Series","Standard_F72fs_v2","72"
"FSv2 Series","Standard_F72s_v2","72"
"FSv2 Series","Standard_F8s_v2","8"
"FSv2 Series Dedicated Host","fsv2 type3","93.6"
"FSv2 Series Dedicated Host","fsv2_type2","80"
"FSv2 Series Dedicated Host","fsv2_type4","106.4"
"FX Series Dedicated Host","fxmds type1","56"
"FX Series Linux","Standard_FX12mds","12"
"FX Series Linux","Standard_FX24mds","24"
"FX Series Linux","Standard_FX36mds","36"
"FX Series Linux","Standard_FX48mds","48"
"FX Series Linux","Standard_FX4mds","4"
"G Series","Standard_G1","1"
"G Series","Standard_G2","2"
"G Series","Standard_G3","4"
"G Series","Standard_G4","8"
"G Series","Standard_G5","14.2"
"Gen7 IaaS LI_internal series Linux","Internal_Gen7_IaaS_LI","1"
"GS Series","Standard_GS1","1"
"GS Series","Standard_GS2","2"
"GS Series","Standard_GS3","4"
"GS Series","Standard_GS4","8"
"GS Series","Standard_GS4-4","8"
"GS Series","Standard_GS4-8","8"
"GS Series","Standard_GS5","14.2"
"GS Series","Standard_GS5-16","14.2"
"GS Series","Standard_GS5-8","14.2"
"H Series","Standard_H16","2"
"H Series","Standard_H8","1"
"H Series High Memory","Standard_H16m","2"
"H Series High Memory","Standard_H8m","1"
"H Series High Memory Low Latency","Standard_H16mr","1"
"H Series Low Latency","Standard_H16r","1"
"HBrsv3 Series Low Latency","Standard_HB120-16rs_v3","120"
"HBrsv3 Series Low Latency","Standard_HB120-32rs_v3","120"
"HBrsv3 Series Low Latency","Standard_HB120-64rs_v3","120"
"HBrsv3 Series Low Latency","Standard_HB120-96rs_v3","120"
"HBrsv3 Series Low Latency","Standard_HB120rs_v3","120"
"HBS Series","Standard_HB60-15rs","1"
"HBS Series","Standard_HB60-30rs","1"
"HBS Series","Standard_HB60-45rs","1"
"HBS Series","Standard_HB60rs","1"
"HBSv2 Series Low Latency","Standard_HB120-16rs_v2","120"
"HBSv2 Series Low Latency","Standard_HB120-32rs_v2","120"
"HBSv2 Series Low Latency","Standard_HB120-64rs_v2","120"
"HBSv2 Series Low Latency","Standard_HB120-96rs_v2","120"
"HBSv2 Series Low Latency","Standard_HB120rs_v2","120"
"HCS Series","Standard_HC44-16rs","44"
"HCS Series","Standard_HC44-32rs","44"
"HCS Series","Standard_HC44rs","44"
"Internal series Linux","Internal_NPHH_128ids","1"
"Internal series Linux","Internal_NPMM_128ids","1"
"Internal_Gen8_MM_LI Linux","Internal_Gen8_LMMM_128ids_LI","4"
"Internal_Gen8_MM_LI Linux","Internal_Gen8_LMMM_32ds_LI","1"
"Internal_Gen8_MM_LI Linux","Internal_Gen8_LMMM_64ds_LI","2"
"Lasv3 Series DedicatedHost","lasv3_type1","80"
"Lasv3 Series Linux","Standard_L112ias_v3","123.2"
"Lasv3 Series Linux","Standard_L16as_v3","16"
"Lasv3 Series Linux","Standard_L32as_v3","32"
"Lasv3 Series Linux","Standard_L48as_v3","48"
"Lasv3 Series Linux","Standard_L64as_v3","64"
"Lasv3 Series Linux","Standard_L80as_v3","80"
"Lasv3 Series Linux","Standard_L8as_v3","8"
"Lasv3 Series Linux","Standard_L96ias_v3","104.8"
"LS Series","Standard_L16s","4"
"LS Series","Standard_L32s","8"
"LS Series","Standard_L4s","1"
"LS Series","Standard_L8s","2"
"LSv2 Series","Standard_L16s_v2","2"
"LSv2 Series","Standard_L32s_v2","4"
"LSv2 Series","Standard_L48s_v2","6"
"LSv2 Series","Standard_L64s_v2","8"
"LSv2 Series","Standard_L80s_v2","10"
"LSv2 Series","Standard_L8s_v2","1"
"LSv2 Series","Standard_L96s_v2","12"
"LSv2 Series Dedicated Host","lsv2_type1","80"
"LSv2 Series Isolated","Standard_L88is_v2","1"
"Lsv2_Internal-Series Linux","Internal_L128is_v2","1"
"Lsv3 Series DedicatedHost","lsv3_type1","80"
"Lsv3 Series Linux","Standard_L104is_v3","104"
"Lsv3 Series Linux","Standard_L112is_v3","112"
"Lsv3 Series Linux","Standard_L16s_v3","16"
"Lsv3 Series Linux","Standard_L32s_v3","32"
"Lsv3 Series Linux","Standard_L48s_v3","48"
"Lsv3 Series Linux","Standard_L64s_v3","64"
"Lsv3 Series Linux","Standard_L80s_v3","80"
"Lsv3 Series Linux","Standard_L8s_v3","8"
"Lsv3 Series Linux","Standard_L96is_v3","96"
"MdSv2 Series 32 Disk","Standard_M32dms_v2","1"
"MdSv2 Series 64 Disk","Standard_M64ds_v2","1"
"Mdsv2 Series Dedicated Host","mdsv2medmem_type1","1"
"MdSv2 Series Disk","Standard_M192idms_v2","1"
"MdSv2 Series Disk 192s","Standard_M192ids_v2","1"
"MdSv2 Series Fractional High Memory Disk","Standard_M128ds_v2","1"
"MdSv2 Series High Memory Disk","Standard_M128dms_v2","1"
"Mdsv2 Series HM Dedicated Host","mdmsv2medmem _type1","1"
"MdSv2 Series Memory Disk","Standard_M64dms_v2","1"
"MS Series","Standard_M128","2"
"MS Series","Standard_M128s","2"
"MS Series","Standard_M64","1"
"MS Series","Standard_M64s","1"
"MS Series Dedicated Host","ms_type1","1"
"MS Series Fractional","Standard_M16s","1"
"MS Series Fractional","Standard_M32s","1.3"
"MS Series Fractional High Memory","Standard_M16-4ms","2"
"MS Series Fractional High Memory","Standard_M16-8ms","2"
"MS Series Fractional High Memory","Standard_M16ms","2"
"MS Series Fractional High Memory","Standard_M32-16ms","4"
"MS Series Fractional High Memory","Standard_M32-8ms","4"
"MS Series Fractional High Memory","Standard_M32ms","4"
"MS Series Fractional High Memory","Standard_M8-2ms","1"
"MS Series Fractional High Memory","Standard_M8-4ms","1"
"MS Series Fractional High Memory","Standard_M8ms","1"
"MS Series Fractional Large","Standard_M32ls","1"
"MS Series Fractional Large","Standard_M64ls","1.9"
"MS Series Fractional Tiny","Standard_M32ts","1"
"MS Series High Memory","Standard_M128-32ms","2.6"
"MS Series High Memory","Standard_M128-64ms","2.6"
"MS Series High Memory","Standard_M128m","2.6"
"MS Series High Memory","Standard_M128ms","2.6"
"MS Series High Memory","Standard_M64-16ms","1"
"MS Series High Memory","Standard_M64-32ms","1"
"MS Series High Memory","Standard_M64m","1"
"MS Series High Memory","Standard_M64ms","1"
"MS Series HM Dedicated Host","msm_type1","1"
"MSv2 Series","Standard_M208-104s_v2","1"
"MSv2 Series","Standard_M208-52s_v2","1"
"MSv2 Series","Standard_M208s_v2","1"
"MSv2 Series","Standard_M416-104s_v2","2.2"
"MSv2 Series","Standard_M416-208s_v2","2.2"
"MSv2 Series","Standard_M416is_v2","2.2"
"MSv2 Series","Standard_M416s_v2","2.2"
"MSv2 Series 192ms","Standard_M192ims_v2","1"
"MSv2 Series 32","Standard_M32ms_v2","1"
"MSv2 Series 64","Standard_M64s_v2","1"
"MSv2 Series Dedicated Host","msv2_type1","1"
"MSv2 Series Disk 192s","Standard_M192is_v2","1"
"MSv2 Series Fractional","Standard_M192s_v2","8"
"MSv2 Series Fractional","Standard_M24s_v2","1"
"MSv2 Series Fractional","Standard_M48s_v2","2"
"MSv2 Series Fractional","Standard_M96s_v2","4"
"MSv2 Series Fractional High Memory","Standard_M192ms_v2","8"
"MSv2 Series Fractional High Memory","Standard_M24ms_v2","1"
"MSv2 Series Fractional High Memory","Standard_M48ms_v2","2"
"MSv2 Series Fractional High Memory","Standard_M96ms_v2","4"
"MSv2 Series Fractional High Memory 128s","Standard_M128s_v2","1"
"MSv2 Series High Memory","Standard_M208-104ms_v2","4.4"
"MSv2 Series High Memory","Standard_M208-52ms_v2","4.4"
"MSv2 Series High Memory","Standard_M208ms_v2","4.4"
"MSv2 Series High Memory","Standard_M416-104ms_v2","9.8"
"MSv2 Series High Memory","Standard_M416-208ms_v2","9.8"
"MSv2 Series High Memory","Standard_M416ms_v2","9.8"
"MSv2 Series High Memory","Standard_M416s_10_v2","8.16"
"MSv2 Series High Memory","Standard_M416s_8_v2","6.5"
"MSv2 Series High Memory","Standard_M416s_9_v2","7.36"
"MSv2 Series High Memory","Standard_M64-32ms_v2","1"
"MSv2 Series High Memory 128ms","Standard_M128ms_v2","1"
"MSv2 Series HM Dedicated Host","msmv2_type1","1"
"MSv2 Series MedMem Dedicated Host","msv2medmem type1","1"
"MSv2 Series MedMem HM Dedicated Host","mmsv2medmem-type1","1"
"MSv2 Series MedMem HM Dedicated Host","Msmv2MedMem Type1","1"
"MSv2 Series Memory","Standard_M64ms_v2","1"
"Msv2 XS Large Series","Standard_M832ixs","1"
"Msv2 XS Large Series","Standard_M832ixs_v2","1.8"
"MSv2 XS Series","Standard_M420ixs_v2","1"
"MSv2 XS Series","Standard_M420xs_v2","1"
"NC Series","Standard_NC12","2"
"NC Series","Standard_NC24","4"
"NC Series","Standard_NC6","1"
"NC Series Low Latency","Standard_NC24r","1"
"NCads A100 v4 Series Linux","Standard_NC24ads_A100_v4","24"
"NCads A100 v4 Series Linux","Standard_NC48ads_A100_v4","48"
"NCads A100 v4 Series Linux","Standard_NC96ads_A100_v4","96"
"NCas T4 v3 Series","Standard_NC16as_T4_v3","9.16"
"NCas T4 v3 Series","Standard_NC4as_T4_v3","4"
"NCas T4 v3 Series","Standard_NC64as_T4_v3","33.08"
"NCas T4 v3 Series","Standard_NC8as_T4_v3","5.72"
"NCasA10_v4 Linux","Standard_NC16ads_A10_v4","16"
"NCasA10_v4 Linux","Standard_NC32ads_A10_v4","32"
"NCasA10_v4 Linux","Standard_NC8ads_A10_v4","8"
"NCSv2 Series","Standard_NC12s_v2","2"
"NCSv2 Series","Standard_NC24s_v2","4"
"NCSv2 Series","Standard_NC6s_v2","1"
"NCSv2 Series Low Latency","Standard_NC24rs_v2","1"
"NCSv3 Series","Standard_NC12s_v3","2"
"NCSv3 Series","Standard_NC24s_v3","4"
"NCSv3 Series","Standard_NC6s_v3","1"
"NCSv3 Series Low Latency","Standard_NC24rs_v3","1"
"NDamsr A100 v4 Series","ndamsra100v4_type1","96"
"NDamsr A100 v4 Series Linux","Standard_ND112amsr_A100_v4","106.56"
"NDamsr A100 v4 Series Linux","Standard_ND112asr_A100_v4","106.56"
"NDamsr A100 v4 Series Linux","Standard_ND96ams_A100_v4","106.56"
"NDamsr A100 v4 Series Linux","Standard_ND96amsr_A100_v4","106.56"
"NDasr A100 v4 Series","ndasra100v4_type1","105.6"
"NDasr A100 v4 Series","Standard_ND96asr_A100_v4","96"
"NDasr A100 v4 Series","Standard_ND96asr_v4","96"
"NDrSv2 Series Low Latency","Standard_ND40rs_v2","40"
"NDS Series","Standard_ND12s","2"
"NDS Series","Standard_ND24s","4"
"NDS Series","Standard_ND6s","1"
"NDS Series Low Latency","Standard_ND24rs","1"
"NP Series","Standard_NP10s","10"
"NP Series","Standard_NP20s","20"
"NP Series","Standard_NP40s","40"
"NV Series","Standard_NV12","2"
"NV Series","Standard_NV24","4"
"NV Series","Standard_NV6","1"
"NVadsA10_v5 DedicatedHost","nvadsa10v5_type1","72"
"NVadsA10_v5 Linux","Standard_NV12ads_A10_v5","12"
"NVadsA10_v5 Linux","Standard_NV18ads_A10_v5","21.12"
"NVadsA10_v5 Linux","Standard_NV36adms_A10_v5","59.76"
"NVadsA10_v5 Linux","Standard_NV36ads_A10_v5","42.3"
"NVadsA10_v5 Linux","Standard_NV6ads_A10_v5","6"
"NVadsA10_v5 Linux","Standard_NV72ads_A10_v5","86.16"
"NVasv4 Series","Standard_NV16as_v4","4"
"NVasv4 Series","Standard_NV32as_v4","8"
"NVasv4 Series","Standard_NV4as_v4","1"
"NVasv4 Series","Standard_NV8as_v4","2"
"NVasv4 Series Dedicated Host","NVasv4_Type1","1"
"NVSv3 Series","Standard_NV12s_v3","1"
"NVSv3 Series","Standard_NV24s_v3","2"
"NVSv3 Series","Standard_NV48s_v3","4"
"NVSv3 Series Dedicated Host","NVsv3_Type1","1"
"NVSv3 Series High Memory","Standard_NV24ms_v3","1"
"NVSv3 Series High Memory","Standard_NV32ms_v3","1.2"
"Red Hat Enterprise Linux","Red Hat Enterprise Linux ARM64 1-4 vCPU","1"
"Red Hat Enterprise Linux","Red Hat Enterprise Linux ARM64 5plus vCPU","2.1"
"Red Hat Enterprise Linux","Red Hat Enterprise Linux for ARM64 1-4 vCPU","1"
"Red Hat Enterprise Linux","Red Hat Enterprise Linux for ARM64 5plus vCPU","1"
"Red Hat Enterprise Linux","Red Hat Enterprise Linux for ARM64 BYOS","1"
"Red Hat Enterprise Linux","Red_Hat_Enterprise_Linux_1_4_vCPU_VM","1"
"Red Hat Enterprise Linux","Red_Hat_Enterprise_Linux_1_vCPU_VM","1"
"Red Hat Enterprise Linux","Red_Hat_Enterprise_Linux_12_vCPU_VM","9"
"Red Hat Enterprise Linux","Red_Hat_Enterprise_Linux_120_vCPU_VM","80"
"Red Hat Enterprise Linux","Red_Hat_Enterprise_Linux_128_vCPU_VM","85.3"
"Red Hat Enterprise Linux","Red_Hat_Enterprise_Linux_144_vCPU_VM","96"
"Red Hat Enterprise Linux","Red_Hat_Enterprise_Linux_16_vCPU_VM","12"
"Red Hat Enterprise Linux","Red_Hat_Enterprise_Linux_192_vCPU_VM","128"
"Red Hat Enterprise Linux","Red_Hat_Enterprise_Linux_2_vCPU_VM","2"
"Red Hat Enterprise Linux","Red_Hat_Enterprise_Linux_20_vCPU_VM","15"
"Red Hat Enterprise Linux","Red_Hat_Enterprise_Linux_208_vCPU_VM","138.6"
"Red Hat Enterprise Linux","Red_Hat_Enterprise_Linux_24_vCPU_VM","18"
"Red Hat Enterprise Linux","Red_Hat_Enterprise_Linux_32_vCPU_VM","24"
"Red Hat Enterprise Linux","Red_Hat_Enterprise_Linux_4_vCPU_VM","4"
"Red Hat Enterprise Linux","Red_Hat_Enterprise_Linux_40_vCPU_VM","30"
"Red Hat Enterprise Linux","Red_Hat_Enterprise_Linux_416_vCPU_VM","277.3"
"Red Hat Enterprise Linux","Red_Hat_Enterprise_Linux_420_vCPU_VM","280"
"Red Hat Enterprise Linux","Red_Hat_Enterprise_Linux_44_vCPU_VM","33"
"Red Hat Enterprise Linux","Red_Hat_Enterprise_Linux_48_vCPU_VM","36"
"Red Hat Enterprise Linux","Red_Hat_Enterprise_Linux_5_vCPU_VM","2.1"
"Red Hat Enterprise Linux","Red_Hat_Enterprise_Linux_52_vCPU_VM","39"
"Red Hat Enterprise Linux","Red_Hat_Enterprise_Linux_6_vCPU_VM","6"
"Red Hat Enterprise Linux","Red_Hat_Enterprise_Linux_60_vCPU_VM","45"
"Red Hat Enterprise Linux","Red_Hat_Enterprise_Linux_64_vCPU_VM","48"
"Red Hat Enterprise Linux","Red_Hat_Enterprise_Linux_72_vCPU_VM","54"
"Red Hat Enterprise Linux","Red_Hat_Enterprise_Linux_8_vCPU_VM","8"
"Red Hat Enterprise Linux","Red_Hat_Enterprise_Linux_80_vCPU_VM","60"
"Red Hat Enterprise Linux","Red_Hat_Enterprise_Linux_96_vCPU_VM","72"
"Red Hat Enterprise Linux for SAP with HA","RHEL_SAP_HA_1-4_vCPU","1"
"Red Hat Enterprise Linux for SAP with HA","RHEL_SAP_HA_5plus_vCPU","2.3"
"Red Hat Enterprise Linux with HA","RHEL_HA_1-4_vCPU","1"
"Red Hat Enterprise Linux with HA","RHEL_HA_5plus_vCPU","2"
"RHEL for SAP Business Applications","52 vCPU VM","1"
"SQL on IaaS","Standard_SQLG7_AMD_IaaS","1"
"SQLG7","SQLG7 IaaS","1"
"SQLG7","SQLG7 NP104s","1"
"SQLG7","Standard_SQLG7_AMD_NVME","2"
"SQLG7","Standard_SQLG7_NVME","1.6"
"SUSE Enterprise Linux Server for SQL with HA","SUSE_Enterprise_Linux_Server_for_SQL_with_HA_1-2_vCPU","1"
"SUSE Enterprise Linux Server for SQL with HA","SUSE_Enterprise_Linux_Server_for_SQL_with_HA_3-4_vCPU","1.9"
"SUSE Enterprise Linux Server for SQL with HA","SUSE_Enterprise_Linux_Server_for_SQL_with_HA_5_vCPU","2.1"
"SUSE Linux Enterprise Server for HPC Priority","SLES_HPC_Priority_1-2_vCPU_VM","1"
"SUSE Linux Enterprise Server for HPC Priority","SLES_HPC_Priority_3-4_vCPU_VM","2"
"SUSE Linux Enterprise Server for HPC Priority","SLES_HPC_Priority_5plus_vCPU_VM","2.6"
"SUSE Linux Enterprise Server for HPC Standard","SLES_HPC_Standard_1-2_vCPU_VM","1"
"SUSE Linux Enterprise Server for HPC Standard","SLES_HPC_Standard_3-4_vCPU_VM","1.9"
"SUSE Linux Enterprise Server for HPC Standard","SLES_HPC_Standard_5plus_vCPU_VM","2.9"
"SUSE Linux Enterprise Server for SAP Standard","SLES_SAP_Priority_1-2_vCPU_VM","1"
"SUSE Linux Enterprise Server for SAP Standard","SLES_SAP_Priority_3-4_vCPU_VM","2"
"SUSE Linux Enterprise Server for SAP Standard","SLES_SAP_Priority_5plus_vCPU_VM","2.4"
"SUSE Linux Enterprise Server for SAP Standard","SUSE_for_SAP_Linux_Enterprise_Server_1_2_vCPU_VM","1"
"SUSE Linux Enterprise Server for SAP Standard","SUSE_for_SAP_Linux_Enterprise_Server_3_4_vCPU_VM","2"
"SUSE Linux Enterprise Server for SAP Standard","SUSE_for_SAP_Linux_Enterprise_Server_5_vCPU_VM","2.4"
"SUSE Linux Enterprise Server Priority","SLES_Priority_1_vCPU_VM","1"
"SUSE Linux Enterprise Server Priority","SLES_Priority_2-4_vCPU_VM","2"
"SUSE Linux Enterprise Server Priority","SLES_Priority_6_vCPU_VM","3"
"SUSE Linux Enterprise Server Priority","SLES_Priority_8plus_vCPU_VM","3.2"
"SUSE Linux Enterprise Server Standard","SLES_Standard_1-2_vCPU_VM","1"
"SUSE Linux Enterprise Server Standard","SLES_Standard_3-4_vCPU_VM","1.9"
"SUSE Linux Enterprise Server Standard","SLES_Standard_5plus_vCPU_VM","2.3"
"Virtual Machines Dadsv6-series Linux","Standard_D16ads_v6","16"
"Virtual Machines Dadsv6-series Linux","Standard_D2ads_v6","2"
"Virtual Machines Dadsv6-series Linux","Standard_D32ads_v6","32"
"Virtual Machines Dadsv6-series Linux","Standard_D48ads_v6","48"
"Virtual Machines Dadsv6-series Linux","Standard_D4ads_v6","4"
"Virtual Machines Dadsv6-series Linux","Standard_D64ads_v6","64"
"Virtual Machines Dadsv6-series Linux","Standard_D8ads_v6","8"
"Virtual Machines Dadsv6-series Linux","Standard_D96ads_v6","96"
"Virtual Machines Dadsv7-series Linux","Standard_D128ads_v7","128"
"Virtual Machines Dadsv7-series Linux","Standard_D160ads_v7","160"
"Virtual Machines Dadsv7-series Linux","Standard_D16ads_v7","16"
"Virtual Machines Dadsv7-series Linux","Standard_D2ads_v7","2"
"Virtual Machines Dadsv7-series Linux","Standard_D32ads_v7","32"
"Virtual Machines Dadsv7-series Linux","Standard_D48ads_v7","48"
"Virtual Machines Dadsv7-series Linux","Standard_D4ads_v7","4"
"Virtual Machines Dadsv7-series Linux","Standard_D64ads_v7","64"
"Virtual Machines Dadsv7-series Linux","Standard_D8ads_v7","8"
"Virtual Machines Dadsv7-series Linux","Standard_D96ads_v7","96"
"Virtual Machines Daldsv6-series Linux","Standard_D16alds_v6","16"
"Virtual Machines Daldsv6-series Linux","Standard_D2alds_v6","2"
"Virtual Machines Daldsv6-series Linux","Standard_D32alds_v6","32"
"Virtual Machines Daldsv6-series Linux","Standard_D48alds_v6","48"
"Virtual Machines Daldsv6-series Linux","Standard_D4alds_v6","4"
"Virtual Machines Daldsv6-series Linux","Standard_D64alds_v6","64"
"Virtual Machines Daldsv6-series Linux","Standard_D8alds_v6","8"
"Virtual Machines Daldsv6-series Linux","Standard_D96alds_v6","96"
"Virtual Machines Daldsv7-series Linux","Standard_D128alds_v7","128"
"Virtual Machines Daldsv7-series Linux","Standard_D160alds_v7","160"
"Virtual Machines Daldsv7-series Linux","Standard_D16alds_v7","16"
"Virtual Machines Daldsv7-series Linux","Standard_D2alds_v7","2"
"Virtual Machines Daldsv7-series Linux","Standard_D32alds_v7","32"
"Virtual Machines Daldsv7-series Linux","Standard_D48alds_v7","48"
"Virtual Machines Daldsv7-series Linux","Standard_D4alds_v7","4"
"Virtual Machines Daldsv7-series Linux","Standard_D64alds_v7","64"
"Virtual Machines Daldsv7-series Linux","Standard_D8alds_v7","8"
"Virtual Machines Daldsv7-series Linux","Standard_D96alds_v7","96"
"Virtual Machines Dalsv6-series Linux","Standard_D16als_v6","16"
"Virtual Machines Dalsv6-series Linux","Standard_D2als_v6","2"
"Virtual Machines Dalsv6-series Linux","Standard_D32als_v6","32"
"Virtual Machines Dalsv6-series Linux","Standard_D48als_v6","48"
"Virtual Machines Dalsv6-series Linux","Standard_D4als_v6","4"
"Virtual Machines Dalsv6-series Linux","Standard_D64als_v6","64"
"Virtual Machines Dalsv6-series Linux","Standard_D8als_v6","8"
"Virtual Machines Dalsv6-series Linux","Standard_D96als_v6","96"
"Virtual Machines Dalsv7-series Linux","Standard_D128als_v7","128"
"Virtual Machines Dalsv7-series Linux","Standard_D160als_v7","160"
"Virtual Machines Dalsv7-series Linux","Standard_D16als_v7","16"
"Virtual Machines Dalsv7-series Linux","Standard_D2als_v7","2"
"Virtual Machines Dalsv7-series Linux","Standard_D32als_v7","32"
"Virtual Machines Dalsv7-series Linux","Standard_D48als_v7","48"
"Virtual Machines Dalsv7-series Linux","Standard_D4als_v7","4"
"Virtual Machines Dalsv7-series Linux","Standard_D64als_v7","64"
"Virtual Machines Dalsv7-series Linux","Standard_D8als_v7","8"
"Virtual Machines Dalsv7-series Linux","Standard_D96als_v7","96"
"Virtual Machines Dasv6-series DedicatedHost","dasv6_type1","144"
"Virtual Machines Dasv6-series Linux","Standard_D16as_v6","16"
"Virtual Machines Dasv6-series Linux","Standard_D2as_v6","2"
"Virtual Machines Dasv6-series Linux","Standard_D32as_v6","32"
"Virtual Machines Dasv6-series Linux","Standard_D48as_v6","48"
"Virtual Machines Dasv6-series Linux","Standard_D4as_v6","4"
"Virtual Machines Dasv6-series Linux","Standard_D64as_v6","64"
"Virtual Machines Dasv6-series Linux","Standard_D8as_v6","8"
"Virtual Machines Dasv6-series Linux","Standard_D96as_v6","96"
"Virtual Machines Dasv7-series Linux","Standard_D128as_v7","128"
"Virtual Machines Dasv7-series Linux","Standard_D160as_v7","160"
"Virtual Machines Dasv7-series Linux","Standard_D16as_v7","16"
"Virtual Machines Dasv7-series Linux","Standard_D2as_v7","2"
"Virtual Machines Dasv7-series Linux","Standard_D32as_v7","32"
"Virtual Machines Dasv7-series Linux","Standard_D48as_v7","48"
"Virtual Machines Dasv7-series Linux","Standard_D4as_v7","4"
"Virtual Machines Dasv7-series Linux","Standard_D64as_v7","64"
"Virtual Machines Dasv7-series Linux","Standard_D8as_v7","8"
"Virtual Machines Dasv7-series Linux","Standard_D96as_v7","96"
"Virtual Machines DCadsv6-series Linux","Standard_DC16ads_v6","16"
"Virtual Machines DCadsv6-series Linux","Standard_DC2ads_v6","2"
"Virtual Machines DCadsv6-series Linux","Standard_DC32ads_v6","32"
"Virtual Machines DCadsv6-series Linux","Standard_DC48ads_v6","48"
"Virtual Machines DCadsv6-series Linux","Standard_DC4ads_v6","4"
"Virtual Machines DCadsv6-series Linux","Standard_DC64ads_v6","64"
"Virtual Machines DCadsv6-series Linux","Standard_DC8ads_v6","8"
"Virtual Machines DCadsv6-series Linux","Standard_DC96ads_v6","96"
"Virtual Machines DCasv6-series Linux","Standard_DC16as_v6","16"
"Virtual Machines DCasv6-series Linux","Standard_DC2as_v6","2"
"Virtual Machines DCasv6-series Linux","Standard_DC32as_v6","32"
"Virtual Machines DCasv6-series Linux","Standard_DC48as_v6","48"
"Virtual Machines DCasv6-series Linux","Standard_DC4as_v6","4"
"Virtual Machines DCasv6-series Linux","Standard_DC64as_v6","64"
"Virtual Machines DCasv6-series Linux","Standard_DC8as_v6","8"
"Virtual Machines DCasv6-series Linux","Standard_DC96as_v6","96"
"Virtual Machines DCedsv6-series Linux","Standard_DC128eds_v6","128"
"Virtual Machines DCedsv6-series Linux","Standard_DC16eds_v6","16"
"Virtual Machines DCedsv6-series Linux","Standard_DC2eds_v6","2"
"Virtual Machines DCedsv6-series Linux","Standard_DC32eds_v6","32"
"Virtual Machines DCedsv6-series Linux","Standard_DC48eds_v6","48"
"Virtual Machines DCedsv6-series Linux","Standard_DC4eds_v6","4"
"Virtual Machines DCedsv6-series Linux","Standard_DC64eds_v6","64"
"Virtual Machines DCedsv6-series Linux","Standard_DC8eds_v6","8"
"Virtual Machines DCedsv6-series Linux","Standard_DC96eds_v6","96"
"Virtual Machines DCesv6-series Linux","Standard_DC128es_v6","128"
"Virtual Machines DCesv6-series Linux","Standard_DC16es_v6","16"
"Virtual Machines DCesv6-series Linux","Standard_DC2es_v6","2"
"Virtual Machines DCesv6-series Linux","Standard_DC32es_v6","32"
"Virtual Machines DCesv6-series Linux","Standard_DC48es_v6","48"
"Virtual Machines DCesv6-series Linux","Standard_DC4es_v6","4"
"Virtual Machines DCesv6-series Linux","Standard_DC64es_v6","64"
"Virtual Machines DCesv6-series Linux","Standard_DC8es_v6","8"
"Virtual Machines DCesv6-series Linux","Standard_DC96es_v6","96"
"Virtual Machines Ddsv6-series DedicatedHost","ddsv6_type1","192"
"Virtual Machines Ddsv6-series Linux","Standard_D128ds_v6","127.56"
"Virtual Machines Ddsv6-series Linux","Standard_D16ds_v6","16"
"Virtual Machines Ddsv6-series Linux","Standard_D192ds_v6","191.36"
"Virtual Machines Ddsv6-series Linux","Standard_D2ds_v6","2"
"Virtual Machines Ddsv6-series Linux","Standard_D32ds_v6","31.88"
"Virtual Machines Ddsv6-series Linux","Standard_D48ds_v6","47.84"
"Virtual Machines Ddsv6-series Linux","Standard_D4ds_v6","4"
"Virtual Machines Ddsv6-series Linux","Standard_D64ds_v6","63.8"
"Virtual Machines Ddsv6-series Linux","Standard_D8ds_v6","8"
"Virtual Machines Ddsv6-series Linux","Standard_D96ds_v6","95.68"
"Virtual Machines Dldsv6-series Linux","Standard_D128lds_v6","128.36"
"Virtual Machines Dldsv6-series Linux","Standard_D16lds_v6","16"
"Virtual Machines Dldsv6-series Linux","Standard_D2lds_v6","2"
"Virtual Machines Dldsv6-series Linux","Standard_D32lds_v6","32"
"Virtual Machines Dldsv6-series Linux","Standard_D48lds_v6","48.14"
"Virtual Machines Dldsv6-series Linux","Standard_D4lds_v6","4"
"Virtual Machines Dldsv6-series Linux","Standard_D64lds_v6","64.18"
"Virtual Machines Dldsv6-series Linux","Standard_D8lds_v6","8"
"Virtual Machines Dldsv6-series Linux","Standard_D96lds_v6","96.28"
"Virtual Machines Dlsv6-Series Linux","Standard_D128ls_v6","128"
"Virtual Machines Dlsv6-Series Linux","Standard_D16ls_v6","16"
"Virtual Machines Dlsv6-Series Linux","Standard_D2ls_v6","2"
"Virtual Machines Dlsv6-Series Linux","Standard_D32ls_v6","32"
"Virtual Machines Dlsv6-Series Linux","Standard_D48ls_v6","48"
"Virtual Machines Dlsv6-Series Linux","Standard_D4ls_v6","4"
"Virtual Machines Dlsv6-Series Linux","Standard_D64ls_v6","64"
"Virtual Machines Dlsv6-Series Linux","Standard_D8ls_v6","8"
"Virtual Machines Dlsv6-Series Linux","Standard_D96ls_v6","96"
"Virtual Machines Dndv6-series Linux","Standard_D128nds_v6","128"
"Virtual Machines Dndv6-series Linux","Standard_D16nds_v6","16"
"Virtual Machines Dndv6-series Linux","Standard_D2nds_v6","2"
"Virtual Machines Dndv6-series Linux","Standard_D32nds_v6","32"
"Virtual Machines Dndv6-series Linux","Standard_D48nds_v6","48"
"Virtual Machines Dndv6-series Linux","Standard_D4nds_v6","4"
"Virtual Machines Dndv6-series Linux","Standard_D64nds_v6","64"
"Virtual Machines Dndv6-series Linux","Standard_D8nds_v6","8"
"Virtual Machines Dndv6-series Linux","Standard_D96nds_v6","96"
"Virtual Machines Dnldv6-series Linux","Standard_D128nlds_v6","128"
"Virtual Machines Dnldv6-series Linux","Standard_D16nlds_v6","16"
"Virtual Machines Dnldv6-series Linux","Standard_D2nlds_v6","2"
"Virtual Machines Dnldv6-series Linux","Standard_D32nlds_v6","32"
"Virtual Machines Dnldv6-series Linux","Standard_D48nlds_v6","48"
"Virtual Machines Dnldv6-series Linux","Standard_D4nlds_v6","4"
"Virtual Machines Dnldv6-series Linux","Standard_D64nlds_v6","64"
"Virtual Machines Dnldv6-series Linux","Standard_D8nlds_v6","8"
"Virtual Machines Dnldv6-series Linux","Standard_D96nlds_v6","96"
"Virtual Machines Dnlv6-series Linux","Standard_D128nls_v6","128"
"Virtual Machines Dnlv6-series Linux","Standard_D16nls_v6","16"
"Virtual Machines Dnlv6-series Linux","Standard_D2nls_v6","2"
"Virtual Machines Dnlv6-series Linux","Standard_D32nls_v6","32"
"Virtual Machines Dnlv6-series Linux","Standard_D48nls_v6","48"
"Virtual Machines Dnlv6-series Linux","Standard_D4nls_v6","4"
"Virtual Machines Dnlv6-series Linux","Standard_D64nls_v6","64"
"Virtual Machines Dnlv6-series Linux","Standard_D8nls_v6","8"
"Virtual Machines Dnlv6-series Linux","Standard_D96nls_v6","96"
"Virtual Machines Dnv6-series Linux","Standard_D128ns_v6","128"
"Virtual Machines Dnv6-series Linux","Standard_D16ns_v6","16"
"Virtual Machines Dnv6-series Linux","Standard_D2ns_v6","2"
"Virtual Machines Dnv6-series Linux","Standard_D32ns_v6","32"
"Virtual Machines Dnv6-series Linux","Standard_D48ns_v6","48"
"Virtual Machines Dnv6-series Linux","Standard_D4ns_v6","4"
"Virtual Machines Dnv6-series Linux","Standard_D64ns_v6","64"
"Virtual Machines Dnv6-series Linux","Standard_D8ns_v6","8"
"Virtual Machines Dnv6-series Linux","Standard_D96ns_v6","96"
"Virtual Machines Dpdsv6-series Linux","Standard_D16pds_v6","16"
"Virtual Machines Dpdsv6-series Linux","Standard_D2pds_v6","2"
"Virtual Machines Dpdsv6-series Linux","Standard_D32pds_v6","32"
"Virtual Machines Dpdsv6-series Linux","Standard_D32pdus_v6","32"
"Virtual Machines Dpdsv6-series Linux","Standard_D48pds_v6","48"
"Virtual Machines Dpdsv6-series Linux","Standard_D4pds_v6","4"
"Virtual Machines Dpdsv6-series Linux","Standard_D64pds_v6","64"
"Virtual Machines Dpdsv6-series Linux","Standard_D64pdus_v6","64"
"Virtual Machines Dpdsv6-series Linux","Standard_D8pds_v6","8"
"Virtual Machines Dpdsv6-series Linux","Standard_D96pds_v6","96"
"Virtual Machines Dpdsv6-series Linux","Standard_D96pdus_v6","96"
"Virtual Machines Dpldsv6-series Linux","Standard_D16plds_v6","16"
"Virtual Machines Dpldsv6-series Linux","Standard_D2plds_v6","2"
"Virtual Machines Dpldsv6-series Linux","Standard_D32plds_v6","32"
"Virtual Machines Dpldsv6-series Linux","Standard_D32pldus_v6","32"
"Virtual Machines Dpldsv6-series Linux","Standard_D48plds_v6","48"
"Virtual Machines Dpldsv6-series Linux","Standard_D4plds_v6","4"
"Virtual Machines Dpldsv6-series Linux","Standard_D64plds_v6","64"
"Virtual Machines Dpldsv6-series Linux","Standard_D64pldus_v6","64"
"Virtual Machines Dpldsv6-series Linux","Standard_D8plds_v6","8"
"Virtual Machines Dpldsv6-series Linux","Standard_D96plds_v6","96"
"Virtual Machines Dpldsv6-series Linux","Standard_D96pldus_v6","96"
"Virtual Machines Dplsv6-series Linux","Standard_D16pls_v6","16"
"Virtual Machines Dplsv6-series Linux","Standard_D2pls_v6","2"
"Virtual Machines Dplsv6-series Linux","Standard_D32pls_v6","32"
"Virtual Machines Dplsv6-series Linux","Standard_D48pls_v6","48"
"Virtual Machines Dplsv6-series Linux","Standard_D4pls_v6","4"
"Virtual Machines Dplsv6-series Linux","Standard_D64pls_v6","64"
"Virtual Machines Dplsv6-series Linux","Standard_D8pls_v6","8"
"Virtual Machines Dplsv6-series Linux","Standard_D96pls_v6","96"
"Virtual Machines Dpsv6-series Linux","Standard_D16ps_v6","16"
"Virtual Machines Dpsv6-series Linux","Standard_D2ps_v6","2"
"Virtual Machines Dpsv6-series Linux","Standard_D32ps_v6","32"
"Virtual Machines Dpsv6-series Linux","Standard_D48ps_v6","48"
"Virtual Machines Dpsv6-series Linux","Standard_D4ps_v6","4"
"Virtual Machines Dpsv6-series Linux","Standard_D64ps_v6","64"
"Virtual Machines Dpsv6-series Linux","Standard_D8ps_v6","8"
"Virtual Machines Dpsv6-series Linux","Standard_D96ps_v6","96"
"Virtual Machines Dsv6-series DedicatedHost","dsv6_type1","192"
"Virtual Machines Dsv6-series Linux","Standard_D128s_v6","127.74"
"Virtual Machines Dsv6-series Linux","Standard_D16s_v6","16"
"Virtual Machines Dsv6-series Linux","Standard_D192s_v6","191.62"
"Virtual Machines Dsv6-series Linux","Standard_D2s_v6","2"
"Virtual Machines Dsv6-series Linux","Standard_D32s_v6","32"
"Virtual Machines Dsv6-series Linux","Standard_D48s_v6","48"
"Virtual Machines Dsv6-series Linux","Standard_D4s_v6","4"
"Virtual Machines Dsv6-series Linux","Standard_D64s_v6","63.88"
"Virtual Machines Dsv6-series Linux","Standard_D8s_v6","8"
"Virtual Machines Dsv6-series Linux","Standard_D96s_v6","95.8"
"Virtual Machines Eadsv6-series Linux","Standard_E16-4ads_v6","16"
"Virtual Machines Eadsv6-series Linux","Standard_E16-8ads_v6","16"
"Virtual Machines Eadsv6-series Linux","Standard_E16ads_v6","16"
"Virtual Machines Eadsv6-series Linux","Standard_E20ads_v6","20"
"Virtual Machines Eadsv6-series Linux","Standard_E2ads_v6","2"
"Virtual Machines Eadsv6-series Linux","Standard_E32-16ads_v6","32"
"Virtual Machines Eadsv6-series Linux","Standard_E32-8ads_v6","32"
"Virtual Machines Eadsv6-series Linux","Standard_E32ads_v6","32"
"Virtual Machines Eadsv6-series Linux","Standard_E4-2ads_v6","4"
"Virtual Machines Eadsv6-series Linux","Standard_E48ads_v6","48"
"Virtual Machines Eadsv6-series Linux","Standard_E4ads_v6","4"
"Virtual Machines Eadsv6-series Linux","Standard_E64-16ads_v6","64"
"Virtual Machines Eadsv6-series Linux","Standard_E64-32ads_v6","64"
"Virtual Machines Eadsv6-series Linux","Standard_E64ads_v6","64"
"Virtual Machines Eadsv6-series Linux","Standard_E8-2ads_v6","8"
"Virtual Machines Eadsv6-series Linux","Standard_E8-4ads_v6","8"
"Virtual Machines Eadsv6-series Linux","Standard_E8ads_v6","8"
"Virtual Machines Eadsv6-series Linux","Standard_E96-24ads_v6","96.14"
"Virtual Machines Eadsv6-series Linux","Standard_E96-48ads_v6","96.14"
"Virtual Machines Eadsv6-series Linux","Standard_E96ads_v6","96.14"
"Virtual Machines Eadsv7-series Linux","Standard_E128-32ads_v7","128"
"Virtual Machines Eadsv7-series Linux","Standard_E128-64ads_v7","128"
"Virtual Machines Eadsv7-series Linux","Standard_E128ads_v7","128"
"Virtual Machines Eadsv7-series Linux","Standard_E16-4ads_v7","16"
"Virtual Machines Eadsv7-series Linux","Standard_E16-8ads_v7","16"
"Virtual Machines Eadsv7-series Linux","Standard_E160ads_v7","160"
"Virtual Machines Eadsv7-series Linux","Standard_E16ads_v7","16"
"Virtual Machines Eadsv7-series Linux","Standard_E2ads_v7","2"
"Virtual Machines Eadsv7-series Linux","Standard_E32-16ads_v7","32"
"Virtual Machines Eadsv7-series Linux","Standard_E32-8ads_v7","32"
"Virtual Machines Eadsv7-series Linux","Standard_E32ads_v7","32"
"Virtual Machines Eadsv7-series Linux","Standard_E4-2ads_v7","4"
"Virtual Machines Eadsv7-series Linux","Standard_E48ads_v7","48"
"Virtual Machines Eadsv7-series Linux","Standard_E4ads_v7","4"
"Virtual Machines Eadsv7-series Linux","Standard_E64-16ads_v7","64"
"Virtual Machines Eadsv7-series Linux","Standard_E64-32ads_v7","64"
"Virtual Machines Eadsv7-series Linux","Standard_E64ads_v7","64"
"Virtual Machines Eadsv7-series Linux","Standard_E8-2ads_v7","8"
"Virtual Machines Eadsv7-series Linux","Standard_E8-4ads_v7","8"
"Virtual Machines Eadsv7-series Linux","Standard_E8ads_v7","8"
"Virtual Machines Eadsv7-series Linux","Standard_E96-24ads_v7","96"
"Virtual Machines Eadsv7-series Linux","Standard_E96-48ads_v7","96"
"Virtual Machines Eadsv7-series Linux","Standard_E96ads_v7","96"
"Virtual Machines Easv6-series DedicatedHost","easv6_type1","144"
"Virtual Machines Easv6-series Linux","Standard_E16-4as_v6","16"
"Virtual Machines Easv6-series Linux","Standard_E16-8as_v6","16"
"Virtual Machines Easv6-series Linux","Standard_E16as_v6","16"
"Virtual Machines Easv6-series Linux","Standard_E20as_v6","20"
"Virtual Machines Easv6-series Linux","Standard_E2as_v6","2"
"Virtual Machines Easv6-series Linux","Standard_E32-16as_v6","32"
"Virtual Machines Easv6-series Linux","Standard_E32-8as_v6","32"
"Virtual Machines Easv6-series Linux","Standard_E32as_v6","32"
"Virtual Machines Easv6-series Linux","Standard_E4-2as_v6","4"
"Virtual Machines Easv6-series Linux","Standard_E48as_v6","48"
"Virtual Machines Easv6-series Linux","Standard_E4as_v6","4"
"Virtual Machines Easv6-series Linux","Standard_E64-16as_v6","64"
"Virtual Machines Easv6-series Linux","Standard_E64-32as_v6","64"
"Virtual Machines Easv6-series Linux","Standard_E64as_v6","64.1"
"Virtual Machines Easv6-series Linux","Standard_E8-2as_v6","8"
"Virtual Machines Easv6-series Linux","Standard_E8-4as_v6","8"
"Virtual Machines Easv6-series Linux","Standard_E8as_v6","8"
"Virtual Machines Easv6-series Linux","Standard_E96-24as_v6","96"
"Virtual Machines Easv6-series Linux","Standard_E96-48as_v6","96"
"Virtual Machines Easv6-series Linux","Standard_E96as_v6","96.16"
"Virtual Machines Easv7-series Linux","Standard_E128-32as_v7","128"
"Virtual Machines Easv7-series Linux","Standard_E128-64as_v7","128"
"Virtual Machines Easv7-series Linux","Standard_E128as_v7","128"
"Virtual Machines Easv7-series Linux","Standard_E16-4as_v7","16"
"Virtual Machines Easv7-series Linux","Standard_E16-8as_v7","16"
"Virtual Machines Easv7-series Linux","Standard_E160as_v7","160"
"Virtual Machines Easv7-series Linux","Standard_E16as_v7","16"
"Virtual Machines Easv7-series Linux","Standard_E2as_v7","2"
"Virtual Machines Easv7-series Linux","Standard_E32-16as_v7","32"
"Virtual Machines Easv7-series Linux","Standard_E32-8as_v7","32"
"Virtual Machines Easv7-series Linux","Standard_E32as_v7","32"
"Virtual Machines Easv7-series Linux","Standard_E4-2as_v7","4"
"Virtual Machines Easv7-series Linux","Standard_E48as_v7","48"
"Virtual Machines Easv7-series Linux","Standard_E4as_v7","4"
"Virtual Machines Easv7-series Linux","Standard_E64-16as_v7","64"
"Virtual Machines Easv7-series Linux","Standard_E64-32as_v7","64"
"Virtual Machines Easv7-series Linux","Standard_E64as_v7","64"
"Virtual Machines Easv7-series Linux","Standard_E8-2as_v7","8"
"Virtual Machines Easv7-series Linux","Standard_E8-4as_v7","8"
"Virtual Machines Easv7-series Linux","Standard_E8as_v7","8"
"Virtual Machines Easv7-series Linux","Standard_E96-24as_v7","96"
"Virtual Machines Easv7-series Linux","Standard_E96-48as_v7","96"
"Virtual Machines Easv7-series Linux","Standard_E96as_v7","96"
"Virtual Machines Ebdsv6-Series  Linux","Standard_E128bds_v6","64"
"Virtual Machines Ebdsv6-Series  Linux","Standard_E16bds_v6","8"
"Virtual Machines Ebdsv6-Series  Linux","Standard_E192ibds_v6","96"
"Virtual Machines Ebdsv6-Series  Linux","Standard_E2bds_v6","1"
"Virtual Machines Ebdsv6-Series  Linux","Standard_E32bds_v6","16"
"Virtual Machines Ebdsv6-Series  Linux","Standard_E48bds_v6","24"
"Virtual Machines Ebdsv6-Series  Linux","Standard_E4bds_v6","2"
"Virtual Machines Ebdsv6-Series  Linux","Standard_E64bds_v6","32"
"Virtual Machines Ebdsv6-Series  Linux","Standard_E8bds_v6","4"
"Virtual Machines Ebdsv6-Series  Linux","Standard_E96bds_v6","48"
"Virtual Machines Ebsv6-Series Linux","Standard_E128bs_v6","64"
"Virtual Machines Ebsv6-Series Linux","Standard_E16bs_v6","8"
"Virtual Machines Ebsv6-Series Linux","Standard_E192ibs_v6","96"
"Virtual Machines Ebsv6-Series Linux","Standard_E2bs_v6","1"
"Virtual Machines Ebsv6-Series Linux","Standard_E32bs_v6","16"
"Virtual Machines Ebsv6-Series Linux","Standard_E48bs_v6","24"
"Virtual Machines Ebsv6-Series Linux","Standard_E4bs_v6","2"
"Virtual Machines Ebsv6-Series Linux","Standard_E64bs_v6","32"
"Virtual Machines Ebsv6-Series Linux","Standard_E8bs_v6","4"
"Virtual Machines Ebsv6-Series Linux","Standard_E96bs_v6","48"
"Virtual Machines ECadsv6-series Linux","Standard_EC16ads_v6","16"
"Virtual Machines ECadsv6-series Linux","Standard_EC2ads_v6","2"
"Virtual Machines ECadsv6-series Linux","Standard_EC32ads_v6","32"
"Virtual Machines ECadsv6-series Linux","Standard_EC48ads_v6","48"
"Virtual Machines ECadsv6-series Linux","Standard_EC4ads_v6","4"
"Virtual Machines ECadsv6-series Linux","Standard_EC64ads_v6","64"
"Virtual Machines ECadsv6-series Linux","Standard_EC8ads_v6","8"
"Virtual Machines ECadsv6-series Linux","Standard_EC96ads_v6","96"
"Virtual Machines ECasv6-series Linux","Standard_EC16as_v6","16"
"Virtual Machines ECasv6-series Linux","Standard_EC2as_v6","2"
"Virtual Machines ECasv6-series Linux","Standard_EC32as_v6","32"
"Virtual Machines ECasv6-series Linux","Standard_EC48as_v6","48"
"Virtual Machines ECasv6-series Linux","Standard_EC4as_v6","4"
"Virtual Machines ECasv6-series Linux","Standard_EC64as_v6","64"
"Virtual Machines ECasv6-series Linux","Standard_EC8as_v6","8"
"Virtual Machines ECasv6-series Linux","Standard_EC96as_v6","96"
"Virtual Machines ECedsv6-series Linux","Standard_EC128eds_v6","128"
"Virtual Machines ECedsv6-series Linux","Standard_EC16eds_v6","16"
"Virtual Machines ECedsv6-series Linux","Standard_EC2eds_v6","2"
"Virtual Machines ECedsv6-series Linux","Standard_EC32eds_v6","32"
"Virtual Machines ECedsv6-series Linux","Standard_EC48eds_v6","48"
"Virtual Machines ECedsv6-series Linux","Standard_EC4eds_v6","4"
"Virtual Machines ECedsv6-series Linux","Standard_EC64eds_v6","64"
"Virtual Machines ECedsv6-series Linux","Standard_EC8eds_v6","8"
"Virtual Machines ECesv6-series Linux","Standard_EC128es_v6","128"
"Virtual Machines ECesv6-series Linux","Standard_EC16es_v6","16"
"Virtual Machines ECesv6-series Linux","Standard_EC2es_v6","2"
"Virtual Machines ECesv6-series Linux","Standard_EC32es_v6","32"
"Virtual Machines ECesv6-series Linux","Standard_EC48es_v6","48"
"Virtual Machines ECesv6-series Linux","Standard_EC4es_v6","4"
"Virtual Machines ECesv6-series Linux","Standard_EC64es_v6","64"
"Virtual Machines ECesv6-series Linux","Standard_EC8es_v6","8"
"Virtual Machines Edsv6-series Linux","Standard_E128-32ds_v6","127.62"
"Virtual Machines Edsv6-series Linux","Standard_E128-64ds_v6","127.62"
"Virtual Machines Edsv6-series Linux","Standard_E128ds_v6","127.62"
"Virtual Machines Edsv6-series Linux","Standard_E16-4ds_v6","16"
"Virtual Machines Edsv6-series Linux","Standard_E16-8ds_v6","16"
"Virtual Machines Edsv6-series Linux","Standard_E16ds_v6","16"
"Virtual Machines Edsv6-series Linux","Standard_E192ids_v6","210.58"
"Virtual Machines Edsv6-series Linux","Standard_E20ds_v6","20"
"Virtual Machines Edsv6-series Linux","Standard_E2ds_v6","2"
"Virtual Machines Edsv6-series Linux","Standard_E32-16ds_v6","32"
"Virtual Machines Edsv6-series Linux","Standard_E32-8ds_v6","32"
"Virtual Machines Edsv6-series Linux","Standard_E32ds_v6","32"
"Virtual Machines Edsv6-series Linux","Standard_E4-2ds_v6","4"
"Virtual Machines Edsv6-series Linux","Standard_E48ds_v6","47.86"
"Virtual Machines Edsv6-series Linux","Standard_E4ds_v6","4"
"Virtual Machines Edsv6-series Linux","Standard_E64-16ds_v6","63.82"
"Virtual Machines Edsv6-series Linux","Standard_E64-32ds_v6","63.82"
"Virtual Machines Edsv6-series Linux","Standard_E64ds_v6","63.82"
"Virtual Machines Edsv6-series Linux","Standard_E8-2ds_v6","8"
"Virtual Machines Edsv6-series Linux","Standard_E8-4ds_v6","8"
"Virtual Machines Edsv6-series Linux","Standard_E8ds_v6","8"
"Virtual Machines Edsv6-series Linux","Standard_E96-24ds_v6","95.72"
"Virtual Machines Edsv6-series Linux","Standard_E96-48ds_v6","95.72"
"Virtual Machines Edsv6-series Linux","Standard_E96ds_v6","95.72"
"Virtual Machines Endv6-series Linux","Standard_E128nds_v6","128"
"Virtual Machines Endv6-series Linux","Standard_E16nds_v6","16"
"Virtual Machines Endv6-series Linux","Standard_E2nds_v6","2"
"Virtual Machines Endv6-series Linux","Standard_E32nds_v6","32"
"Virtual Machines Endv6-series Linux","Standard_E48nds_v6","48"
"Virtual Machines Endv6-series Linux","Standard_E4nds_v6","4"
"Virtual Machines Endv6-series Linux","Standard_E64nds_v6","64"
"Virtual Machines Endv6-series Linux","Standard_E8nds_v6","8"
"Virtual Machines Endv6-series Linux","Standard_E96nds_v6","96"
"Virtual Machines Ensv6special-series Linux","Standard_E16ns_v6_Special","16"
"Virtual Machines Ensv6special-series Linux","Standard_E36ns_v6_Special","1"
"Virtual Machines Ensv6special-series Linux","Standard_E72ns_v6_Special","72"
"Virtual Machines Ensv6special-series Linux","Standard_E8ns_v6_Special","8"
"Virtual Machines Env6-series Linux","Standard_E128ns_v6","128"
"Virtual Machines Env6-series Linux","Standard_E16ns_v6","16"
"Virtual Machines Env6-series Linux","Standard_E2ns_v6","2"
"Virtual Machines Env6-series Linux","Standard_E32ns_v6","32"
"Virtual Machines Env6-series Linux","Standard_E48ns_v6","48"
"Virtual Machines Env6-series Linux","Standard_E4ns_v6","4"
"Virtual Machines Env6-series Linux","Standard_E64ns_v6","64"
"Virtual Machines Env6-series Linux","Standard_E8ns_v6","8"
"Virtual Machines Env6-series Linux","Standard_E96ns_v6","96"
"Virtual Machines Epdsv6-series Linux","Standard_E16pds_v6","16"
"Virtual Machines Epdsv6-series Linux","Standard_E2pds_v6","2"
"Virtual Machines Epdsv6-series Linux","Standard_E32pds_v6","32"
"Virtual Machines Epdsv6-series Linux","Standard_E32pdus_v6","32"
"Virtual Machines Epdsv6-series Linux","Standard_E48pds_v6","48"
"Virtual Machines Epdsv6-series Linux","Standard_E4pds_v6","4"
"Virtual Machines Epdsv6-series Linux","Standard_E64pds_v6","64"
"Virtual Machines Epdsv6-series Linux","Standard_E64pdus_v6","64"
"Virtual Machines Epdsv6-series Linux","Standard_E8pds_v6","8"
"Virtual Machines Epdsv6-series Linux","Standard_E96pds_v6","96"
"Virtual Machines Epdsv6-series Linux","Standard_E96pdus_v6","96"
"Virtual Machines Epsv6-series Linux","Standard_E16ps_v6","16"
"Virtual Machines Epsv6-series Linux","Standard_E2ps_v6","2"
"Virtual Machines Epsv6-series Linux","Standard_E32ps_v6","32"
"Virtual Machines Epsv6-series Linux","Standard_E48ps_v6","48"
"Virtual Machines Epsv6-series Linux","Standard_E4ps_v6","4"
"Virtual Machines Epsv6-series Linux","Standard_E64ps_v6","64"
"Virtual Machines Epsv6-series Linux","Standard_E8ps_v6","8"
"Virtual Machines Epsv6-series Linux","Standard_E96ps_v6","96"
"Virtual Machines Esv6-series DedicatedHost","esv6_type1","192"
"Virtual Machines Esv6-series Linux","Standard_E128-32s_v6","128.28"
"Virtual Machines Esv6-series Linux","Standard_E128-64s_v6","128.28"
"Virtual Machines Esv6-series Linux","Standard_E128s_v6","128.28"
"Virtual Machines Esv6-series Linux","Standard_E16-4s_v6","16"
"Virtual Machines Esv6-series Linux","Standard_E16-8s_v6","16"
"Virtual Machines Esv6-series Linux","Standard_E16s_v6","16"
"Virtual Machines Esv6-series Linux","Standard_E192is_v6","211.68"
"Virtual Machines Esv6-series Linux","Standard_E20s_v6","20"
"Virtual Machines Esv6-series Linux","Standard_E2s_v6","2"
"Virtual Machines Esv6-series Linux","Standard_E32-16s_v6","32"
"Virtual Machines Esv6-series Linux","Standard_E32-8s_v6","32"
"Virtual Machines Esv6-series Linux","Standard_E32s_v6","32"
"Virtual Machines Esv6-series Linux","Standard_E4-2s_v6","4"
"Virtual Machines Esv6-series Linux","Standard_E48s_v6","48.1"
"Virtual Machines Esv6-series Linux","Standard_E4s_v6","4"
"Virtual Machines Esv6-series Linux","Standard_E64-16s_v6","64.16"
"Virtual Machines Esv6-series Linux","Standard_E64-32s_v6","64.16"
"Virtual Machines Esv6-series Linux","Standard_E64s_v6","64.16"
"Virtual Machines Esv6-series Linux","Standard_E8-2s_v6","8"
"Virtual Machines Esv6-series Linux","Standard_E8-4s_v6","8"
"Virtual Machines Esv6-series Linux","Standard_E8s_v6","8"
"Virtual Machines Esv6-series Linux","Standard_E96-24s_v6","96.22"
"Virtual Machines Esv6-series Linux","Standard_E96-48s_v6","96.22"
"Virtual Machines Esv6-series Linux","Standard_E96s_v6","96.22"
"Virtual Machines Fadsv7-series Linux","Standard_F16ads_v7","16"
"Virtual Machines Fadsv7-series Linux","Standard_F1ads_v7","1"
"Virtual Machines Fadsv7-series Linux","Standard_F2ads_v7","2"
"Virtual Machines Fadsv7-series Linux","Standard_F32ads_v7","32"
"Virtual Machines Fadsv7-series Linux","Standard_F48ads_v7","48"
"Virtual Machines Fadsv7-series Linux","Standard_F4ads_v7","4"
"Virtual Machines Fadsv7-series Linux","Standard_F64ads_v7","64"
"Virtual Machines Fadsv7-series Linux","Standard_F80ads_v7","80"
"Virtual Machines Fadsv7-series Linux","Standard_F8ads_v7","8"
"Virtual Machines Faldsv7-series Linux","Standard_F16alds_v7","16"
"Virtual Machines Faldsv7-series Linux","Standard_F1alds_v7","1"
"Virtual Machines Faldsv7-series Linux","Standard_F2alds_v7","2"
"Virtual Machines Faldsv7-series Linux","Standard_F32alds_v7","32"
"Virtual Machines Faldsv7-series Linux","Standard_F48alds_v7","48"
"Virtual Machines Faldsv7-series Linux","Standard_F4alds_v7","4"
"Virtual Machines Faldsv7-series Linux","Standard_F64alds_v7","64"
"Virtual Machines Faldsv7-series Linux","Standard_F80alds_v7","80"
"Virtual Machines Faldsv7-series Linux","Standard_F8alds_v7","8"
"Virtual Machines Falsv6-series Linux","Standard_F16als_v6","16"
"Virtual Machines Falsv6-series Linux","Standard_F1als_v6","1"
"Virtual Machines Falsv6-series Linux","Standard_F2als_v6","2"
"Virtual Machines Falsv6-series Linux","Standard_F32als_v6","32"
"Virtual Machines Falsv6-series Linux","Standard_F48als_v6","48"
"Virtual Machines Falsv6-series Linux","Standard_F4als_v6","4"
"Virtual Machines Falsv6-series Linux","Standard_F64als_v6","64"
"Virtual Machines Falsv6-series Linux","Standard_F72als_v6","72"
"Virtual Machines Falsv6-series Linux","Standard_F8als_v6","8"
"Virtual Machines Falsv7-series Linux","Standard_F16als_v7","16"
"Virtual Machines Falsv7-series Linux","Standard_F1als_v7","1"
"Virtual Machines Falsv7-series Linux","Standard_F2als_v7","2"
"Virtual Machines Falsv7-series Linux","Standard_F32als_v7","32"
"Virtual Machines Falsv7-series Linux","Standard_F48als_v7","48"
"Virtual Machines Falsv7-series Linux","Standard_F4als_v7","4"
"Virtual Machines Falsv7-series Linux","Standard_F64als_v7","64"
"Virtual Machines Falsv7-series Linux","Standard_F80als_v7","80"
"Virtual Machines Falsv7-series Linux","Standard_F8als_v7","8"
"Virtual Machines Famdsv7-series Linux","Standard_F16-4amds_v7","16"
"Virtual Machines Famdsv7-series Linux","Standard_F16-8amds_v7","16"
"Virtual Machines Famdsv7-series Linux","Standard_F16amds_v7","16"
"Virtual Machines Famdsv7-series Linux","Standard_F1amds_v7","1"
"Virtual Machines Famdsv7-series Linux","Standard_F2-1amds_v7","2"
"Virtual Machines Famdsv7-series Linux","Standard_F2amds_v7","2"
"Virtual Machines Famdsv7-series Linux","Standard_F32-16amds_v7","32"
"Virtual Machines Famdsv7-series Linux","Standard_F32-8amds_v7","32"
"Virtual Machines Famdsv7-series Linux","Standard_F32amds_v7","32"
"Virtual Machines Famdsv7-series Linux","Standard_F4-1amds_v7","4"
"Virtual Machines Famdsv7-series Linux","Standard_F4-2amds_v7","4"
"Virtual Machines Famdsv7-series Linux","Standard_F48amds_v7","48"
"Virtual Machines Famdsv7-series Linux","Standard_F4amds_v7","4"
"Virtual Machines Famdsv7-series Linux","Standard_F64-16amds_v7","64"
"Virtual Machines Famdsv7-series Linux","Standard_F64-32amds_v7","64"
"Virtual Machines Famdsv7-series Linux","Standard_F64amds_v7","64"
"Virtual Machines Famdsv7-series Linux","Standard_F8-2amds_v7","8"
"Virtual Machines Famdsv7-series Linux","Standard_F8-4amds_v7","8"
"Virtual Machines Famdsv7-series Linux","Standard_F80amds_v7","80"
"Virtual Machines Famdsv7-series Linux","Standard_F8amds_v7","8"
"Virtual Machines Famsv6-series Linux","Standard_F16ams_v6","16"
"Virtual Machines Famsv6-series Linux","Standard_F1ams_v6","1"
"Virtual Machines Famsv6-series Linux","Standard_F2ams_v6","2"
"Virtual Machines Famsv6-series Linux","Standard_F32ams_v6","32"
"Virtual Machines Famsv6-series Linux","Standard_F48ams_v6","48"
"Virtual Machines Famsv6-series Linux","Standard_F4ams_v6","4"
"Virtual Machines Famsv6-series Linux","Standard_F64ams_v6","64"
"Virtual Machines Famsv6-series Linux","Standard_F72iams_v6","72"
"Virtual Machines Famsv6-series Linux","Standard_F8ams_v6","8"
"Virtual Machines Famsv7-series Linux","Standard_F16-4ams_v7","16"
"Virtual Machines Famsv7-series Linux","Standard_F16-8ams_v7","16"
"Virtual Machines Famsv7-series Linux","Standard_F16ams_v7","16"
"Virtual Machines Famsv7-series Linux","Standard_F1ams_v7","1"
"Virtual Machines Famsv7-series Linux","Standard_F2-1ams_v7","2"
"Virtual Machines Famsv7-series Linux","Standard_F2ams_v7","2"
"Virtual Machines Famsv7-series Linux","Standard_F32-16ams_v7","32"
"Virtual Machines Famsv7-series Linux","Standard_F32-8ams_v7","32"
"Virtual Machines Famsv7-series Linux","Standard_F32ams_v7","32"
"Virtual Machines Famsv7-series Linux","Standard_F4-1ams_v7","4"
"Virtual Machines Famsv7-series Linux","Standard_F4-2ams_v7","4"
"Virtual Machines Famsv7-series Linux","Standard_F48ams_v7","48"
"Virtual Machines Famsv7-series Linux","Standard_F4ams_v7","4"
"Virtual Machines Famsv7-series Linux","Standard_F64-16ams_v7","64"
"Virtual Machines Famsv7-series Linux","Standard_F64-32ams_v7","64"
"Virtual Machines Famsv7-series Linux","Standard_F64ams_v7","64"
"Virtual Machines Famsv7-series Linux","Standard_F8-2ams_v7","8"
"Virtual Machines Famsv7-series Linux","Standard_F8-4ams_v7","8"
"Virtual Machines Famsv7-series Linux","Standard_F80ams_v7","80"
"Virtual Machines Famsv7-series Linux","Standard_F8ams_v7","8"
"Virtual Machines Fasv6-series Linux","Standard_F16as_v6","16"
"Virtual Machines Fasv6-series Linux","Standard_F1as_v6","1"
"Virtual Machines Fasv6-series Linux","Standard_F2as_v6","2"
"Virtual Machines Fasv6-series Linux","Standard_F32as_v6","32"
"Virtual Machines Fasv6-series Linux","Standard_F48as_v6","48"
"Virtual Machines Fasv6-series Linux","Standard_F4as_v6","4"
"Virtual Machines Fasv6-series Linux","Standard_F64as_v6","64"
"Virtual Machines Fasv6-series Linux","Standard_F72as_v6","72"
"Virtual Machines Fasv6-series Linux","Standard_F8as_v6","8"
"Virtual Machines Fasv7-series Linux","Standard_F16as_v7","16"
"Virtual Machines Fasv7-series Linux","Standard_F1as_v7","1"
"Virtual Machines Fasv7-series Linux","Standard_F2as_v7","2"
"Virtual Machines Fasv7-series Linux","Standard_F32as_v7","32"
"Virtual Machines Fasv7-series Linux","Standard_F48as_v7","48"
"Virtual Machines Fasv7-series Linux","Standard_F4as_v7","4"
"Virtual Machines Fasv7-series Linux","Standard_F64as_v7","64"
"Virtual Machines Fasv7-series Linux","Standard_F80as_v7","80"
"Virtual Machines Fasv7-series Linux","Standard_F8as_v7","8"
"Virtual Machines FXmdsv2-series Linux","Standard_FX12-6mds_v2","12"
"Virtual Machines FXmdsv2-series Linux","Standard_FX12mds_v2","12"
"Virtual Machines FXmdsv2-series Linux","Standard_FX16-4mds_v2","16"
"Virtual Machines FXmdsv2-series Linux","Standard_FX16-8mds_v2","16"
"Virtual Machines FXmdsv2-series Linux","Standard_FX16mds_v2","16"
"Virtual Machines FXmdsv2-series Linux","Standard_FX24-12mds_v2","24"
"Virtual Machines FXmdsv2-series Linux","Standard_FX24-6mds_v2","24"
"Virtual Machines FXmdsv2-series Linux","Standard_FX24mds_v2","24"
"Virtual Machines FXmdsv2-series Linux","Standard_FX2mds_v2","2"
"Virtual Machines FXmdsv2-series Linux","Standard_FX32-16mds_v2","32"
"Virtual Machines FXmdsv2-series Linux","Standard_FX32-8mds_v2","32"
"Virtual Machines FXmdsv2-series Linux","Standard_FX32mds_v2","32"
"Virtual Machines FXmdsv2-series Linux","Standard_FX4-2mds_v2","4"
"Virtual Machines FXmdsv2-series Linux","Standard_FX48-12mds_v2","48"
"Virtual Machines FXmdsv2-series Linux","Standard_FX48-24mds_v2","48"
"Virtual Machines FXmdsv2-series Linux","Standard_FX48mds_v2","48"
"Virtual Machines FXmdsv2-series Linux","Standard_FX4mds_v2","4"
"Virtual Machines FXmdsv2-series Linux","Standard_FX64-16mds_v2","63.9"
"Virtual Machines FXmdsv2-series Linux","Standard_FX64-32mds_v2","63.9"
"Virtual Machines FXmdsv2-series Linux","Standard_FX64mds_v2","63.9"
"Virtual Machines FXmdsv2-series Linux","Standard_FX8-2mds_v2","8"
"Virtual Machines FXmdsv2-series Linux","Standard_FX8-4mds_v2","8"
"Virtual Machines FXmdsv2-series Linux","Standard_FX8mds_v2","8"
"Virtual Machines FXmdsv2-series Linux","Standard_FX96-24mds_v2","95.84"
"Virtual Machines FXmdsv2-series Linux","Standard_FX96-48mds_v2","95.84"
"Virtual Machines FXmdsv2-series Linux","Standard_FX96mds_v2","95.84"
"Virtual Machines FXmsv2-series Linux","Standard_FX12-6ms_v2","12"
"Virtual Machines FXmsv2-series Linux","Standard_FX12ms_v2","12"
"Virtual Machines FXmsv2-series Linux","Standard_FX16-4ms_v2","16"
"Virtual Machines FXmsv2-series Linux","Standard_FX16-8ms_v2","16"
"Virtual Machines FXmsv2-series Linux","Standard_FX16ms_v2","16"
"Virtual Machines FXmsv2-series Linux","Standard_FX24-12ms_v2","24"
"Virtual Machines FXmsv2-series Linux","Standard_FX24-6ms_v2","24"
"Virtual Machines FXmsv2-series Linux","Standard_FX24ms_v2","24"
"Virtual Machines FXmsv2-series Linux","Standard_FX2ms_v2","2"
"Virtual Machines FXmsv2-series Linux","Standard_FX32-16ms_v2","32"
"Virtual Machines FXmsv2-series Linux","Standard_FX32-8ms_v2","32"
"Virtual Machines FXmsv2-series Linux","Standard_FX32ms_v2","32"
"Virtual Machines FXmsv2-series Linux","Standard_FX4-2ms_v2","4"
"Virtual Machines FXmsv2-series Linux","Standard_FX48-12ms_v2","48"
"Virtual Machines FXmsv2-series Linux","Standard_FX48-24ms_v2","48"
"Virtual Machines FXmsv2-series Linux","Standard_FX48ms_v2","48"
"Virtual Machines FXmsv2-series Linux","Standard_FX4ms_v2","4"
"Virtual Machines FXmsv2-series Linux","Standard_FX64-16ms_v2","64"
"Virtual Machines FXmsv2-series Linux","Standard_FX64-32ms_v2","64"
"Virtual Machines FXmsv2-series Linux","Standard_FX64ms_v2","64"
"Virtual Machines FXmsv2-series Linux","Standard_FX8-2ms_v2","8"
"Virtual Machines FXmsv2-series Linux","Standard_FX8-4ms_v2","8"
"Virtual Machines FXmsv2-series Linux","Standard_FX8ms_v2","8"
"Virtual Machines FXmsv2-series Linux","Standard_FX96-24ms_v2","96.14"
"Virtual Machines FXmsv2-series Linux","Standard_FX96-48ms_v2","96.14"
"Virtual Machines FXmsv2-series Linux","Standard_FX96ms_v2","96.14"
"Virtual Machines HBrsv4-series Linux","Standard_HB176-144rs_v4","176"
"Virtual Machines HBrsv4-series Linux","Standard_HB176-24rs_v4","176"
"Virtual Machines HBrsv4-series Linux","Standard_HB176-48rs_v4","176"
"Virtual Machines HBrsv4-series Linux","Standard_HB176-96rs_v4","176"
"Virtual Machines HBrsv4-series Linux","Standard_HB176rs_v4","176"
"Virtual Machines HBrsv5 Linux","Standard_HB368-144rs_v5","368"
"Virtual Machines HBrsv5 Linux","Standard_HB368-192rs_v5","368"
"Virtual Machines HBrsv5 Linux","Standard_HB368-240rs_v5","368"
"Virtual Machines HBrsv5 Linux","Standard_HB368-288rs_v5","368"
"Virtual Machines HBrsv5 Linux","Standard_HB368-336rs_v5","368"
"Virtual Machines HBrsv5 Linux","Standard_HB368-48rs_v5","368"
"Virtual Machines HBrsv5 Linux","Standard_HB368-96rs_v5","368"
"Virtual Machines HBrsv5 Linux","Standard_HB368FC-144rs_v5","368"
"Virtual Machines HBrsv5 Linux","Standard_HB368FC-192rs_v5","368"
"Virtual Machines HBrsv5 Linux","Standard_HB368FC-240rs_v5","368"
"Virtual Machines HBrsv5 Linux","Standard_HB368FC-288rs_v5","368"
"Virtual Machines HBrsv5 Linux","Standard_HB368FC-336rs_v5","368"
"Virtual Machines HBrsv5 Linux","Standard_HB368FC-48rs_v5","368"
"Virtual Machines HBrsv5 Linux","Standard_HB368FC-96rs_v5","368"
"Virtual Machines HBrsv5 Linux","Standard_HB368FCrs_v5","368"
"Virtual Machines HBrsv5 Linux","Standard_HB368rs_v5","368"
"Virtual Machines HXrs Linux","Standard_HX176-144rs","176"
"Virtual Machines HXrs Linux","Standard_HX176-24rs","176"
"Virtual Machines HXrs Linux","Standard_HX176-48rs","176"
"Virtual Machines HXrs Linux","Standard_HX176-96rs","176"
"Virtual Machines HXrs Linux","Standard_HX176rs","176"
"Virtual Machines Laosv4-series Linux","Standard_L12aos_v4","12"
"Virtual Machines Laosv4-series Linux","Standard_L16aos_v4","16"
"Virtual Machines Laosv4-series Linux","Standard_L16aous_v4","16"
"Virtual Machines Laosv4-series Linux","Standard_L24aos_v4","24"
"Virtual Machines Laosv4-series Linux","Standard_L2aos_v4","2"
"Virtual Machines Laosv4-series Linux","Standard_L32aos_v4","32"
"Virtual Machines Laosv4-series Linux","Standard_L32aous_v4","32"
"Virtual Machines Laosv4-series Linux","Standard_L4aos_v4","4"
"Virtual Machines Laosv4-series Linux","Standard_L8aos_v4","8"
"Virtual Machines Lasv4 Series Linux","Standard_L16as_v4","16"
"Virtual Machines Lasv4 Series Linux","Standard_L16aus_v4","16"
"Virtual Machines Lasv4 Series Linux","Standard_L2as_v4","2"
"Virtual Machines Lasv4 Series Linux","Standard_L32as_v4","32"
"Virtual Machines Lasv4 Series Linux","Standard_L32aus_v4","32"
"Virtual Machines Lasv4 Series Linux","Standard_L48as_v4","48"
"Virtual Machines Lasv4 Series Linux","Standard_L48aus_v4","48"
"Virtual Machines Lasv4 Series Linux","Standard_L4as_v4","4"
"Virtual Machines Lasv4 Series Linux","Standard_L64as_v4","64"
"Virtual Machines Lasv4 Series Linux","Standard_L64aus_v4","64"
"Virtual Machines Lasv4 Series Linux","Standard_L80as_v4","80"
"Virtual Machines Lasv4 Series Linux","Standard_L80aus_v4","80"
"Virtual Machines Lasv4 Series Linux","Standard_L8as_v4","8"
"Virtual Machines Lasv4 Series Linux","Standard_L96as_v4","96"
"Virtual Machines Lasv4 Series Linux","Standard_L96aus_v4","96"
"Virtual Machines Lsv4 Series Linux","L192isv4","192"
"Virtual Machines Lsv4 Series Linux","Standard_L16s_v4","16"
"Virtual Machines Lsv4 Series Linux","Standard_L16us_v4","16"
"Virtual Machines Lsv4 Series Linux","Standard_L2s_v4","2"
"Virtual Machines Lsv4 Series Linux","Standard_L32s_v4","32"
"Virtual Machines Lsv4 Series Linux","Standard_L32us_v4","32"
"Virtual Machines Lsv4 Series Linux","Standard_L48s_v4","48"
"Virtual Machines Lsv4 Series Linux","Standard_L48us_v4","48"
"Virtual Machines Lsv4 Series Linux","Standard_L4s_v4","4"
"Virtual Machines Lsv4 Series Linux","Standard_L64s_v4","64"
"Virtual Machines Lsv4 Series Linux","Standard_L64us_v4","64"
"Virtual Machines Lsv4 Series Linux","Standard_L80s_v4","80"
"Virtual Machines Lsv4 Series Linux","Standard_L80us_v4","80"
"Virtual Machines Lsv4 Series Linux","Standard_L8s_v4","8"
"Virtual Machines Lsv4 Series Linux","Standard_L96s_v4","96"
"Virtual Machines Lsv4 Series Linux","Standard_L96us_v4","96"
"Virtual Machines Mbdsv3 Medium Memory Series Linux","Standard_M128-64bds_3_v3","31.5"
"Virtual Machines Mbdsv3 Medium Memory Series Linux","Standard_M128-64bds_v3","8"
"Virtual Machines Mbdsv3 Medium Memory Series Linux","Standard_M128bds_3_v3","31.5"
"Virtual Machines Mbdsv3 Medium Memory Series Linux","Standard_M128bds_v3","8"
"Virtual Machines Mbdsv3 Medium Memory Series Linux","Standard_M16bds_v3","1"
"Virtual Machines Mbdsv3 Medium Memory Series Linux","Standard_M176-88bds_4_v3","43"
"Virtual Machines Mbdsv3 Medium Memory Series Linux","Standard_M176-88bds_v3","11"
"Virtual Machines Mbdsv3 Medium Memory Series Linux","Standard_M176bds_3_v3","24.6"
"Virtual Machines Mbdsv3 Medium Memory Series Linux","Standard_M176bds_4_v3","43"
"Virtual Machines Mbdsv3 Medium Memory Series Linux","Standard_M176bds_v3","11"
"Virtual Machines Mbdsv3 Medium Memory Series Linux","Standard_M32bds_v3","2"
"Virtual Machines Mbdsv3 Medium Memory Series Linux","Standard_M48bds_v3","3"
"Virtual Machines Mbdsv3 Medium Memory Series Linux","Standard_M64-32bds_1_v3","15.7"
"Virtual Machines Mbdsv3 Medium Memory Series Linux","Standard_M64bds_1_v3","15.7"
"Virtual Machines Mbdsv3 Medium Memory Series Linux","Standard_M64bds_v3","4"
"Virtual Machines Mbdsv3 Medium Memory Series Linux","Standard_M96-48bds_2_v3","23.6"
"Virtual Machines Mbdsv3 Medium Memory Series Linux","Standard_M96bds_2_v3","23.6"
"Virtual Machines Mbdsv3 Medium Memory Series Linux","Standard_M96bds_v3","6"
"Virtual Machines Mbsv3 Medium Memory Series Linux","Standard_M128-64bs_v3","8"
"Virtual Machines Mbsv3 Medium Memory Series Linux","Standard_M128bs_v3","8"
"Virtual Machines Mbsv3 Medium Memory Series Linux","Standard_M16bs_v3","1"
"Virtual Machines Mbsv3 Medium Memory Series Linux","Standard_M176-88bs_v3","11"
"Virtual Machines Mbsv3 Medium Memory Series Linux","Standard_M176bs_3_v3","24.6"
"Virtual Machines Mbsv3 Medium Memory Series Linux","Standard_M176bs_v3","11"
"Virtual Machines Mbsv3 Medium Memory Series Linux","Standard_M32bs_v3","2"
"Virtual Machines Mbsv3 Medium Memory Series Linux","Standard_M416bs_v3","34.4"
"Virtual Machines Mbsv3 Medium Memory Series Linux","Standard_M48bs_v3","3"
"Virtual Machines Mbsv3 Medium Memory Series Linux","Standard_M64bs_v3","4"
"Virtual Machines Mbsv3 Medium Memory Series Linux","Standard_M96bs_v3","6"
"Virtual Machines Mdsv3 High Memory Series Linux","Standard_M416ds_10_v3","416"
"Virtual Machines Mdsv3 High Memory Series Linux","Standard_M416ds_12_v3","416"
"Virtual Machines Mdsv3 High Memory Series Linux","Standard_M416ds_6_v3","1"
"Virtual Machines Mdsv3 High Memory Series Linux","Standard_M416ds_8_v3","1.33"
"Virtual Machines Mdsv3 High Memory Series Linux","Standard_M416ds_9_v3","416"
"Virtual Machines Mdsv3 High Memory Series Linux","Standard_M416ds-104_6_v3","1.005"
"Virtual Machines Mdsv3 High Memory Series Linux","Standard_M416ds-104_8_v3","1.3065"
"Virtual Machines Mdsv3 High Memory Series Linux","Standard_M416ds-208_6_v3","1.005"
"Virtual Machines Mdsv3 High Memory Series Linux","Standard_M416ds-208_8_v3","1.3065"
"Virtual Machines Mdsv3 High Memory Series Linux","Standard_M624ds_12_v3","2"
"Virtual Machines Mdsv3 High Memory Series Linux","Standard_M624ds-156_12_v3","2.01"
"Virtual Machines Mdsv3 High Memory Series Linux","Standard_M624ds-312_12_v3","2.01"
"Virtual Machines Mdsv3 High Memory Series Linux","Standard_M832ds_12_v3","2.01"
"Virtual Machines Mdsv3 High Memory Series Linux","Standard_M832ds-208_12_v3","2.01"
"Virtual Machines Mdsv3 High Memory Series Linux","Standard_M832ds-416_12_v3","2.01"
"Virtual Machines Mdsv3 High Memory Series Linux","Standard_M832ids_16_v3","2.96"
"Virtual Machines Mdsv3 High Memory Series Linux","Standard_M832ids-208_16_v3","2.9145"
"Virtual Machines Mdsv3 High Memory Series Linux","Standard_M832ids-416_16_v3","2.9145"
"Virtual Machines Mdsv3 Medium Memory Series DedicatedHost","mdsv3medmem_type1","1"
"Virtual Machines Mdsv3 Medium Memory Series Linux","Standard_M12ds_v3","1"
"Virtual Machines Mdsv3 Medium Memory Series Linux","Standard_M12ds-6_v3","1.008621"
"Virtual Machines Mdsv3 Medium Memory Series Linux","Standard_M176ds_2_v3","9.985345"
"Virtual Machines Mdsv3 Medium Memory Series Linux","Standard_M176ds_3_v3","11.7"
"Virtual Machines Mdsv3 Medium Memory Series Linux","Standard_M176ds_4_v3","16.2"
"Virtual Machines Mdsv3 Medium Memory Series Linux","Standard_M176ds-44_3_v3","11.7"
"Virtual Machines Mdsv3 Medium Memory Series Linux","Standard_M176ds-44_4_v3","16.238793"
"Virtual Machines Mdsv3 Medium Memory Series Linux","Standard_M176ds-88_3_v3","11.7"
"Virtual Machines Mdsv3 Medium Memory Series Linux","Standard_M176ds-88_4_v3","16.238793"
"Virtual Machines Mdsv3 Medium Memory Series Linux","Standard_M24ds_v3","2"
"Virtual Machines Mdsv3 Medium Memory Series Linux","Standard_M24ds-12_v3","2.017241"
"Virtual Machines Mdsv3 Medium Memory Series Linux","Standard_M24ds-6_v3","2.017241"
"Virtual Machines Mdsv3 Medium Memory Series Linux","Standard_M48ds_1_v3","4.1"
"Virtual Machines Mdsv3 Medium Memory Series Linux","Standard_M48ds-12_1_v3","4.034483"
"Virtual Machines Mdsv3 Medium Memory Series Linux","Standard_M48ds-24_1_v3","4.034483"
"Virtual Machines Mdsv3 Medium Memory Series Linux","Standard_M96ds_1_v3","6.1"
"Virtual Machines Mdsv3 Medium Memory Series Linux","Standard_M96ds_2_v3","8.1"
"Virtual Machines Mdsv3 Medium Memory Series Linux","Standard_M96ds-24_1_v3","6.051724"
"Virtual Machines Mdsv3 Medium Memory Series Linux","Standard_M96ds-24_2_v3","8.068966"
"Virtual Machines Mdsv3 Medium Memory Series Linux","Standard_M96ds-48_1_v3","6.051724"
"Virtual Machines Mdsv3 Medium Memory Series Linux","Standard_M96ds-48_2_v3","8.068966"
"Virtual Machines Mdsv3 Very High Memory Series Linux","Standard_M1792ixds_32_v3","2.8"
"Virtual Machines Mdsv3 Very High Memory Series Linux","Standard_M832ixds_24_v3","1.8"
"Virtual Machines Mdsv3 Very High Memory Series Linux","Standard_M832xds_16_v3","1"
"Virtual Machines Mdsv3 Very High Memory Series Linux","Standard_M896ixds_24_v3","1.9"
"Virtual Machines Mdsv3 Very High Memory Series Linux","Standard_M896ixds_32_v3","2.6"
"Virtual Machines Mdsv3 Very High Memory Series Linux","Standard_M896xds_16_v3","1.3"
"Virtual Machines Msv3 High Memory Series Linux","Standard_M416s_10_v3","416"
"Virtual Machines Msv3 High Memory Series Linux","Standard_M416s_12_v3","416"
"Virtual Machines Msv3 High Memory Series Linux","Standard_M416s_6_v3","1"
"Virtual Machines Msv3 High Memory Series Linux","Standard_M416s_8_v3","1.33"
"Virtual Machines Msv3 High Memory Series Linux","Standard_M416s_9_v3","416"
"Virtual Machines Msv3 High Memory Series Linux","Standard_M416s-104_6_v3","1.005"
"Virtual Machines Msv3 High Memory Series Linux","Standard_M416s-104_8_v3","1.3065"
"Virtual Machines Msv3 High Memory Series Linux","Standard_M416s-208_6_v3","1.005"
"Virtual Machines Msv3 High Memory Series Linux","Standard_M416s-208_8_v3","1.3065"
"Virtual Machines Msv3 High Memory Series Linux","Standard_M624s_12_v3","2"
"Virtual Machines Msv3 High Memory Series Linux","Standard_M624s-156_12_v3","2.01"
"Virtual Machines Msv3 High Memory Series Linux","Standard_M624s-312_12_v3","2.01"
"Virtual Machines Msv3 High Memory Series Linux","Standard_M832is_16_v3","2.96"
"Virtual Machines Msv3 High Memory Series Linux","Standard_M832is-208_16_v3","2.9145"
"Virtual Machines Msv3 High Memory Series Linux","Standard_M832is-416_16_v3","2.9145"
"Virtual Machines Msv3 High Memory Series Linux","Standard_M832s_12_v3","2.01"
"Virtual Machines Msv3 High Memory Series Linux","Standard_M832s-208_12_v3","2.01"
"Virtual Machines Msv3 High Memory Series Linux","Standard_M832s-416_12_v3","2.01"
"Virtual Machines Msv3 Medium Memory Series DedicatedHost","msv3medmem_type1","1"
"Virtual Machines Msv3 Medium Memory Series Linux","Standard_M12s_v3","1"
"Virtual Machines Msv3 Medium Memory Series Linux","Standard_M12s-6_v32","1.006211"
"Virtual Machines Msv3 Medium Memory Series Linux","Standard_M176s_2_v3","9.961491"
"Virtual Machines Msv3 Medium Memory Series Linux","Standard_M176s_3_v3","11.6"
"Virtual Machines Msv3 Medium Memory Series Linux","Standard_M176s_4_v3","16.2"
"Virtual Machines Msv3 Medium Memory Series Linux","Standard_M176s-44_3_v3","11.571429"
"Virtual Machines Msv3 Medium Memory Series Linux","Standard_M176s-44_4_v3","16.2"
"Virtual Machines Msv3 Medium Memory Series Linux","Standard_M176s-88_3_v3","11.571429"
"Virtual Machines Msv3 Medium Memory Series Linux","Standard_M176s-88_4_v3","16.2"
"Virtual Machines Msv3 Medium Memory Series Linux","Standard_M24s_v3","2"
"Virtual Machines Msv3 Medium Memory Series Linux","Standard_M24s-12_v3","2.012422"
"Virtual Machines Msv3 Medium Memory Series Linux","Standard_M24s-6_v3","2.012422"
"Virtual Machines Msv3 Medium Memory Series Linux","Standard_M48s_1_v3","4"
"Virtual Machines Msv3 Medium Memory Series Linux","Standard_M48s-12_1_v3","4.024845"
"Virtual Machines Msv3 Medium Memory Series Linux","Standard_M48s-24_1_v3","4.024845"
"Virtual Machines Msv3 Medium Memory Series Linux","Standard_M96s_1_v3","6.1"
"Virtual Machines Msv3 Medium Memory Series Linux","Standard_M96s_2_v3","8.1"
"Virtual Machines Msv3 Medium Memory Series Linux","Standard_M96s-24_1_v3","6.037267"
"Virtual Machines Msv3 Medium Memory Series Linux","Standard_M96s-24_2_v3","8.049689"
"Virtual Machines Msv3 Medium Memory Series Linux","Standard_M96s-48_1_v3","6.037267"
"Virtual Machines Msv3 Medium Memory Series Linux","Standard_M96s-48_2_v3","8.049689"
"Virtual Machines NCadsH100_v5-series Linux","Standard_NC40ads_H100_v5","40"
"Virtual Machines NCadsH100_v5-series Linux","Standard_NC80adis_H100_v5","80"
"Virtual Machines NCCadsH100_v5_series Linux","Standard_NCC40ads_H100_v5","40"
"Virtual Machines NCdsxlRTX6kv6 Linux","Standard_NC144ds_xl_RTXPRO6000BSE_v6","144"
"Virtual Machines NCdsxlRTX6kv6 Linux","Standard_NC288ds_xl_RTXPRO6000BSE_v6","288"
"Virtual Machines NCdsxlRTX6kv6 Linux","Standard_NC36ds_xl_RTXPRO6000BSE_v6","36"
"Virtual Machines NCdsxlRTX6kv6 Linux","Standard_NC72ds_xl_RTXPRO6000BSE_v6","72"
"Virtual Machines NCldsxlRTX6kv6 Linux","Standard_NC144lds_xl_RTXPRO6000BSE_v6","144"
"Virtual Machines NCldsxlRTX6kv6 Linux","Standard_NC24lds_xl_RTXPRO6000BSE_v6","24"
"Virtual Machines NCldsxlRTX6kv6 Linux","Standard_NC288lds_xl_RTXPRO6000BSE_v6","288"
"Virtual Machines NCldsxlRTX6kv6 Linux","Standard_NC36lds_xl_RTXPRO6000BSE_v6","36"
"Virtual Machines NCldsxlRTX6kv6 Linux","Standard_NC72lds_xl_RTXPRO6000BSE_v6","72"
"Virtual Machines ND MI300X v5 Series Linux","Standard_ND96is_MI300X_v5","96"
"Virtual Machines ND MI300X v5 Series Linux","Standard_ND96isr_MI300X_v5","96"
"Virtual Machines NDamsf A100 v4-Series Linux","Standard_ND96ams_A100_flex_v4","1"
"Virtual Machines NDamsrf A100 v4-Series Linux","Standard_ND96amsf_A100_v4","1"
"Virtual Machines NDamsrf A100 v4-Series Linux","Standard_ND96amsrf_A100_v4","1.1"
"Virtual Machines NDs GB200 v6-Series Linux","Standard_ND128is_GB200_v6","1"
"Virtual Machines NDs H100 v5 Series Linux","Standard_ND96is_noIB_H100_v5","1"
"Virtual Machines NDs H200 v5 Series Linux","Standard_ND96is_H200_v5","1"
"Virtual Machines NDs MI300X v5 Series Linux","Standard ND96is noIB MI300X v5","1"
"Virtual Machines NDsf GB200 v6-Series Linux","Standard_ND128isf_GB200_v6","1"
"Virtual Machines NDsf H100 v5 Series Linux","Standard_ND96is_flex_H100_v5","1"
"Virtual Machines NDsf H200 v5 Series Linux","Standard_ND96isf_H200_v5","1"
"Virtual Machines NDsf MI300X v5-Series Linux","Standard ND96isf MI300X v5","1"
"Virtual Machines NDsr GB200 ETH Metal v6-Series Linux","ND144_ETH_GB200_Metal_v6","1"
"Virtual Machines NDsr GB200 ETH v6-Series Linux","Standard_ND128isr_ETH_GB200_v6","1"
"Virtual Machines NDsr GB200 NDR v6 Series Linux","Standard_ND128isr_NDR_GB200_v6","128"
"Virtual Machines NDsr GB300 v6-Series Linux","Standard_ND128isr_GB300_v6","128"
"Virtual Machines NDsr H100 v5-Series Linux","Standard_ND96is_H100_v5","96.872727"
"Virtual Machines NDsr H100 v5-Series Linux","Standard_ND96isr_H100_v5","106.56"
"Virtual Machines NDsr H200 v5 Series Linux","Standard_ND96isr_H200_v5","96"
"Virtual Machines NDsr INFE H100 v5 Series Linux","Standard ND96isr INFE H100 v5","1"
"Virtual Machines NDsrf GB200 ETH v6-Series Linux","Standard_ND128isrf_ETH_GB200_v6","1"
"Virtual Machines NDsrf GB200 NDR v6 Series Linux","Standard_ND128isrf_NDR_GB200_v6","1"
"Virtual Machines Ndsrf H100 V5-Series Linux","Standard_ND96isf_H100_v5","1"
"Virtual Machines Ndsrf H100 V5-Series Linux","Standard_ND96isrf_H100_v5","1.1"
"Virtual Machines NDsrf H200 v5 Series Linux","Standard_ND96isrf_H200_v5","1"
"Virtual Machines NDsrf MI300X v5-Series Linux","Standard ND96isrf MI300X v5","1"
"Virtual Machines NGads_V620_v1  Linux","Standard_NG16ads_V620_v1","16"
"Virtual Machines NGads_V620_v1  Linux","Standard_NG32adms_V620","41.6"
"Virtual Machines NGads_V620_v1  Linux","Standard_NG32ads_V620_v1","32"
"Virtual Machines NGads_V620_v1  Linux","Standard_NG8ads_V620_v1","8"
"Virtual Machines NMads MA35D Linux","Standard_NM16ads_MA35D","1"
"Virtual Machines NVads_V710_v5 Linux","Standard_NV12ads_V710_v5","12"
"Virtual Machines NVads_V710_v5 Linux","Standard_NV24ads_V710_v5","24"
"Virtual Machines NVads_V710_v5 Linux","Standard_NV28adms_V710_v5","28.4"
"Virtual Machines NVads_V710_v5 Linux","Standard_NV4ads_V710_v5","4"
"Virtual Machines NVads_V710_v5 Linux","Standard_NV8ads_V710_v5","8"
